User 1 : ,69,12,93,74,35,20,88,50,66,52,92
User 2 : ,76,6,69,14,24,93,92,35,13,97,32,8,26,55
User 3 : ,29,64,93,35,46,31,88,92,32,8,55
User 4 : ,76,6,14,96,45,54,66,52,92,32
User 5 : ,50,69,65,94,96,24,93,52,92
User 6 : ,52,69,93,74,35,20,49,60,29,92,45
User 7 : ,76,6,12,14,96,70,78,92,32,8,52
User 8 : ,69,12,24,92,74,20,97,32,8,55,26,29,96,78,75,39
User 9 : ,69,12,70,92,36,32,25,8,64,45,10,29
User 10 : ,76,6,29,14,24,46,36,97,66,15,17,55,26
User 11 : ,55,70,74,20,66,84,88,25,26,92
User 12 : ,93,74,35,45,20,49,15,88,17,60,87,52
User 13 : ,69,29,24,46,36,97,88,52,70,100,26
User 14 : ,76,6,52,55,29,14,96,92,74,45,20,54,32,8,36
User 15 : ,50,12,65,96,46,45,24,97,92
User 16 : ,50,65,24,92,74,20,97,49,82,60,32
User 17 : ,94,96,54,40,88,99,24,92,32,8,55
User 18 : ,76,6,50,65,29,14,100,10,66,55,92
User 19 : ,76,6,94,14,24,10,97,29,55
User 20 : ,50,65,26,94,64,75,36,39,95,66,92,32
User 21 : ,52,64,96,74,45,36,20,54,15
User 22 : ,12,26,75,46,45,39,95,52,94,78,100,13,74
User 23 : ,69,26,78,75,74,36,20,39,13,10,95,55,29,92,32,8
User 24 : ,76,6,29,14,24,78,74,100,45,20,55,92
User 25 : ,76,6,52,26,94,29,14,78,92,75,39,95,32,8
User 26 : ,70,13,49,60,87,24,52,92
User 27 : ,52,94,46,100,13,10,40,26,92,75,39,32
User 28 : ,26,29,78,92,75,100,39,95,88,73,32,8,55,66
User 29 : ,12,94,78,40,84,99,69,92
User 30 : ,50,65,94,96,45,54,49,40,29,92,32
User 31 : ,52,69,12,94,13,10,40,26,92
User 32 : ,69,26,75,36,39,13,95,94,93,92,74,20,32,8
User 33 : ,64,24,78,31,97,66,84,26,94,75,39,95,29,92
User 34 : ,50,69,65,94,29,46,36,66,55,26,92
User 35 : ,94,29,70,15,40,17,99,25,55,26
User 36 : ,69,29,64,45,31,52,12,94,93,88,92,32
User 37 : ,45,10,49,66,84,60,87,52,26,24,75,39,95,55,92
User 38 : ,94,29,64,96,78,92,36,66,32,8,26
User 39 : ,52,50,65,64,46,31,66,29,24,92,32,8
User 40 : ,12,29,78,13,52,70,93,92,35
User 41 : ,94,78,36,10,15,40,17,99,22,45,55,92,32
User 42 : ,64,96,93,35,54,31,13,92,32,8
User 43 : ,64,31,49,15,17,60,87,22,29,55
User 44 : ,94,64,92,45,36,31,13,49,40,32,8,55
User 45 : ,69,29,96,24,54,97,66,52,64,15,55
User 46 : ,52,12,64,78,92,45,31,13,32,8
User 47 : ,76,6,26,14,24,75,39,13,97,95,52,55,29,96,92,32
User 48 : ,52,50,12,65,55,64,46,92
User 49 : ,55,24,97,50,65,26,29,96,75,100,45,36,39,95,88
User 50 : ,92,74,100,20,49,73,60,32,87,8,24
User 51 : ,94,64,24,31,10,97,40,74,92
User 52 : ,76,6,12,26,94,14,64,92,75,45,36,39,95,32,8
User 53 : ,69,94,29,64,70,24,93,35,45,97,92,32,8,52
User 54 : ,50,12,65,94,46,92
User 55 : ,50,69,65,55,26,24,75,39,10,95,92,32
User 56 : ,94,70,46,100,36,49,40,88,29
User 57 : ,94,64,45,31,10,15,40,17,22,55
User 58 : ,12,94,96,78,46,54,49,92,32,8
User 59 : ,55,26,78,75,45,39,95,15,17,22,69,29,93,92,32,8
User 60 : ,29,64,31,66,76,6,50,65,55,92,74,32
User 61 : ,64,24,92,74,46,100,45,20,97,32,8,26
User 62 : ,76,6,55,14,24,78,46,45,97,15,17
User 63 : ,12,29,64,100,31,84,55,26,75
User 64 : ,92,74,20,49,15,84,17,60,32,8,52
User 65 : ,52,74,100,20,13,15,73,17,92,32,8,55
User 66 : ,29,24,78,100,13,97,73,52,50,65
User 67 : ,92,46,10,49,66,60,32,87,8,26,75,39,95,55
User 68 : ,26,78,92,75,46,39,13,10,95,66,88,32,8,76
User 69 : ,94,29,64,70,31,13,92,32,8
User 70 : ,26,29,70,93,75,74,35,45,36,20,39,92,32,8
User 71 : ,94,96,92,100,54,49,40,73,32,8,55
User 72 : ,50,12,65,26,29,75,100,39,95,82,92
User 73 : ,50,12,65,29,64,74,20,88,55
User 74 : ,52,50,69,65,55,94,29,70,92,32,8
User 75 : ,76,6,55,14,78,15,84,92,32,8
User 76 : ,52,13,10,15,84,17,22,26,24,55
User 77 : ,76,6,12,26,14,92,75,46,39,95,84,32,8,69,29,55
User 78 : ,69,12,94,29,70,24,74,36,20,10,97,26,55
User 79 : ,76,6,52,69,94,14,78,15,55,26,92,32
User 80 : ,69,26,29,75,39,13,10,95,94,64,78,15,92
User 81 : ,50,65,55,29,100,15,82,73,17,22
User 82 : ,69,12,26,24,75,39,97,95,84,88,66
User 83 : ,50,65,93,35,46,45,82,69,92
User 84 : ,76,6,50,65,14,70
User 85 : ,76,6,52,50,65,94,29,92,32
User 86 : ,76,6,12,26,14,75,74,100,45,39
User 87 : ,12,96,92,74,20,54,49,60,32,8,52
User 88 : ,93,92,74,35,20,10,84,32,8,94,100
User 89 : ,46,100,13,10,49,24,55
User 90 : ,12,55,92,32,8,52,94,74,46,45,20,49
User 91 : ,29,93,35,46,10,55,26,94,75,39,95,92
User 92 : ,69,12,55,94,92,46,10,40,32,8,36
User 93 : ,76,6,69,14,64,24,74,36,52
User 94 : ,76,6,12,55,94,14,70,36,26,92,32
User 95 : ,96,24,74,46,20,54,97,66,76,92
User 96 : ,26,75,39,10,95,66,84,76,6,29,14,88,92,32
User 97 : ,76,6,52,26,94,14,70,93,75,55
User 98 : ,24,97,69,29,96,70,100,92,32,8
User 99 : ,100,36,15,73,17,22,76,6,12,26
User 100 : ,55,26,29,75,39,10,49,95,66,60,87,52,50,92,45,32,8
