date,resid
2018-01-01,
2018-01-02,
2018-01-03,
2018-01-04,1.7959587813596924
2018-01-05,-2.1461741146657705
2018-01-06,-1.9081671738986106
2018-01-07,1.7930955759995848
2018-01-08,0.40781667300551006
2018-01-09,-1.0695732077736162
2018-01-10,-0.07007825921063118
2018-01-11,-1.7052267016899607
2018-01-12,0.6458811839414678
2018-01-13,1.4475935035024545
2018-01-14,1.5137320260835148
2018-01-15,0.5062328727251894
2018-01-16,-1.6443417029969405
2018-01-17,-2.3652190038943237
2018-01-18,0.675588475373159
2018-01-19,1.444948578675641
2018-01-20,1.072563615572059
2018-01-21,-1.7090881531057696
2018-01-22,0.18011176941547247
2018-01-23,0.7983907647520274
2018-01-24,0.13346553526408042
2018-01-25,-0.34910794384227184
2018-01-26,0.59837316570742
2018-01-27,-1.6060209638175909
2018-01-28,1.1017237612944564
2018-01-29,0.28562740022544786
2018-01-30,-0.31447272185857233
2018-01-31,-1.1787970060293764
2018-02-01,2.214725643192116
2018-02-02,-0.513626490748132
2018-02-03,0.22779536328771957
2018-02-04,-2.010274978188777
2018-02-05,-0.7582880492082781
2018-02-06,2.5110146180450945
2018-02-07,-2.1874100563402825
2018-02-08,1.9273256125849214
2018-02-09,-0.6231716547852402
2018-02-10,1.1458547956419178
2018-02-11,-2.5042565920219513
2018-02-12,0.9472960389169996
2018-02-13,2.138697079557736
2018-02-14,-1.8117603728465665
2018-02-15,-0.8273033197553462
2018-02-16,2.0168012021336086
2018-02-17,-0.5138477137803105
2018-02-18,-1.6794056076628634
2018-02-19,1.252846992747639
2018-02-20,-0.15283265643004015
2018-02-21,1.7671121977992401
2018-02-22,-1.8986585376706075
2018-02-23,-1.6583996377026347
2018-02-24,-1.4132847841333092
2018-02-25,2.184068909023308
2018-02-26,0.9824908179217614
2018-02-27,0.016273079710763326
2018-02-28,1.052588297115002
2018-03-01,0.7685906144956843
2018-03-02,-2.8916862665498346
2018-03-03,1.7248265582439164
2018-03-04,0.8650158908498804
2018-03-05,-1.9388040082491496
2018-03-06,-1.3643563787806778
2018-03-07,0.8355627210697573
2018-03-08,0.9471942093467495
2018-03-09,0.6017093870738839
2018-03-10,0.6275092413372266
2018-03-11,-1.721895603731282
2018-03-12,1.4314277385702998
2018-03-13,-1.0542279216707877
2018-03-14,-1.7428438158855633
2018-03-15,1.9373583373359031
2018-03-16,-1.5221833445413482
2018-03-17,1.6981582184065023
2018-03-18,-0.34204552019041956
2018-03-19,0.09447699433184607
2018-03-20,-2.3630974157819553
2018-03-21,2.0268954295237025
2018-03-22,-0.5196735040421724
2018-03-23,-0.021366551414816304
2018-03-24,-0.034412685174958955
2018-03-25,1.163584538945697
2018-03-26,0.7244707708752826
2018-03-27,0.5933502373289263
2018-03-28,-2.0086217116671916
2018-03-29,-0.29925931152090424
2018-03-30,1.2085908801350753
2018-03-31,-0.592842419737411
2018-04-01,-2.007591077391572
2018-04-02,0.13597655565688582
2018-04-03,2.0174466878800628
2018-04-04,1.3576939736651932
2018-04-05,-1.7635436696713478
2018-04-06,-0.5212612933941096
2018-04-07,0.7162182420464208
2018-04-08,-0.9348572897055283
2018-04-09,2.3894950457506465
2018-04-10,-1.1611360484975721
2018-04-11,-0.723551155579531
2018-04-12,-1.182139713649265
2018-04-13,1.2810857091625627
2018-04-14,-1.3096901257659386
2018-04-15,1.8729862571301703
2018-04-16,1.1325866868279246
2018-04-17,-2.1933034059687637
2018-04-18,0.7405297905023335
2018-04-19,-1.3742024377655733
2018-04-20,1.837614094009597
2018-04-21,-1.5334885628453623
2018-04-22,2.446275767189766
2018-04-23,-1.8348351209698062
2018-04-24,-0.19931409567664546
2018-04-25,-0.9075310801925046
2018-04-26,1.470501533724404
2018-04-27,0.25468254188191447
2018-04-28,-2.072396564044257
2018-04-29,1.8842495997367814
2018-04-30,1.6650159465152652
2018-05-01,-0.8085909193692737
2018-05-02,-1.2400759865446842
2018-05-03,-2.3065438540205694
2018-05-04,2.8551791921783316
2018-05-05,-1.2204729962872622
2018-05-06,2.722721605470449
2018-05-07,-1.8422316440041828
2018-05-08,-1.5288020404814882
2018-05-09,1.5948455991185648
2018-05-10,-0.5296906061059355
2018-05-11,-0.08325201940591659
2018-05-12,-0.04628090147053395
2018-05-13,1.982174335320822
2018-05-14,-0.9262645977613276
2018-05-15,-1.079256912853496
2018-05-16,0.29321593564017434
2018-05-17,1.2782499603050168
2018-05-18,-1.6650979966849933
2018-05-19,-0.9024291953151317
2018-05-20,-1.5985270668640459
2018-05-21,1.9095179219611507
2018-05-22,1.310809213508768
2018-05-23,1.836525582083845
2018-05-24,-1.7940462829279171
2018-05-25,-1.1846258574057218
2018-05-26,1.583179457813807
2018-05-27,-1.5792498328071203
2018-05-28,2.377232731414676
2018-05-29,-1.6556285130011057
2018-05-30,-2.606260776298895
2018-05-31,0.8993588246315111
2018-06-01,1.5611728725557141
2018-06-02,0.952737883784793
2018-06-03,-0.29735009193084694
2018-06-04,-0.31565018776252474
2018-06-05,0.6970505988353457
2018-06-06,-0.20001707935461513
2018-06-07,-0.449506928862755
2018-06-08,-0.15791784065971531
2018-06-09,0.37954742756861143
2018-06-10,-1.7418714973142733
2018-06-11,1.7891458605775097
2018-06-12,1.3932094985674714
2018-06-13,-1.932830603876872
2018-06-14,-1.910584766310352
2018-06-15,2.1109124348760115
2018-06-16,-0.016800227164977276
2018-06-17,-1.0757952066958458
2018-06-18,-0.6255107883477778
2018-06-19,1.3589416557598488
2018-06-20,1.2508161552042703
2018-06-21,-1.8175214127079629
2018-06-22,1.003930817132874
2018-06-23,1.2856833615300485
2018-06-24,0.9346612781719139
2018-06-25,-1.1639189114722828
2018-06-26,-1.7327688185799142
2018-06-27,0.8212693712387998
2018-06-28,-0.591573095547348
2018-06-29,0.6146556992626968
2018-06-30,-1.3021793383250884
2018-07-01,-0.3539840006167003
2018-07-02,0.6124248756245164
2018-07-03,-1.8990125568693665
2018-07-04,1.3214243415642395
2018-07-05,1.1608507078703296
2018-07-06,0.13522316759043757
2018-07-07,0.46202229972910763
2018-07-08,0.9562227324355257
2018-07-09,-0.02738453719775026
2018-07-10,0.10400783661656646
2018-07-11,-1.6997625196878579
2018-07-12,-2.057194406466701
2018-07-13,1.2726121889358224
2018-07-14,2.042437225812656
2018-07-15,-1.0395658413298625
2018-07-16,0.09337384971121009
2018-07-17,2.055561438340141
2018-07-18,-1.3019069653389357
2018-07-19,-1.282843387498369
2018-07-20,0.17177919392515956
2018-07-21,-0.017380612800478833
2018-07-22,-1.4564917049077855
2018-07-23,-0.12824367161904193
2018-07-24,1.9040761710110692
2018-07-25,-0.18282532921239084
2018-07-26,1.0781584445927506
2018-07-27,-0.5302284414468106
2018-07-28,-1.0247719143236924
2018-07-29,0.9676180531390892
2018-07-30,-1.8811165225411588
2018-07-31,1.517364319406595
2018-08-01,0.788636682614965
2018-08-02,-0.7987735586197163
2018-08-03,-1.6982660155540772
2018-08-04,2.0649049910410335
2018-08-05,0.8966456813771495
2018-08-06,-2.5422104063475177
2018-08-07,1.050073829099282
2018-08-08,1.40850563865886
2018-08-09,0.5535407083046363
2018-08-10,-2.353535625575761
2018-08-11,0.6399807825464389
2018-08-12,-0.06782590000553965
2018-08-13,-0.24474851789454577
2018-08-14,0.36642579241411166
2018-08-15,-0.08379026111354806
2018-08-16,0.6198032133812089
2018-08-17,0.4208916172243688
2018-08-18,-1.5913641664351263
2018-08-19,1.0134377442858076
2018-08-20,-2.0067441226645317
2018-08-21,2.5037784925310325
2018-08-22,0.16919281479365464
2018-08-23,0.4778019044156264
2018-08-24,-1.285191919276693
2018-08-25,-0.9761897360953345
2018-08-26,-1.1319630774406895
2018-08-27,1.1923224198125735
2018-08-28,0.41226743819529954
2018-08-29,-0.3347443182742812
2018-08-30,-0.4858493298299197
2018-08-31,1.2680548581147717
2018-09-01,1.8345998491966722
2018-09-02,-0.8384156093723354
2018-09-03,0.9972517655385472
2018-09-04,-1.7172023908178398
2018-09-05,-0.5815629485159864
2018-09-06,-1.7276305868444213
2018-09-07,0.8296696061191808
2018-09-08,-0.07437016251613823
2018-09-09,2.153614479619973
2018-09-10,0.4144209081484119
2018-09-11,-1.4429760344097895
2018-09-12,-0.9275158534117897
2018-09-13,1.6350054652552315
2018-09-14,0.6669477794442058
2018-09-15,-1.6410591947566278
2018-09-16,0.09209771626864496
2018-09-17,-0.7202405887038269
2018-09-18,2.7510547892358934
2018-09-19,-0.09391221172047085
2018-09-20,-2.1474779774648685
2018-09-21,-2.7629228665711683
2018-09-22,2.4228596334388195
2018-09-23,1.6405058599161728
2018-09-24,0.14445651483864863
2018-09-25,-0.6621286649652101
2018-09-26,1.0401266072140922
2018-09-27,-0.47006012412102105
2018-09-28,-1.4373601518921235
2018-09-29,-0.6068666358794833
2018-09-30,2.062472407082593
2018-10-01,0.527759066830623
2018-10-02,-2.5794838857962654
2018-10-03,1.0781807347324142
2018-10-04,2.208698526407117
2018-10-05,-0.30012121692623045
2018-10-06,-2.029949598474089
2018-10-07,0.053874903952296355
2018-10-08,0.7265155458521987
2018-10-09,0.27679231544899263
2018-10-10,-0.7665519653400342
2018-10-11,-0.9687481314740384
2018-10-12,1.5633391082974681
2018-10-13,-0.3692717474742427
2018-10-14,0.5278502375359986
2018-10-15,-0.3479736044539935
2018-10-16,-2.0799924419320854
2018-10-17,1.6186999488487226
2018-10-18,0.5800655723195886
2018-10-19,0.5928663262478706
2018-10-20,-2.0742786584176605
2018-10-21,1.276476309344664
2018-10-22,-0.5906625133391147
2018-10-23,1.9252048112859432
2018-10-24,-1.9638818501888258
2018-10-25,1.7440565061482458
2018-10-26,-1.518796524834771
2018-10-27,1.5393510113849527
2018-10-28,-2.2372261066384613
2018-10-29,0.540488342006452
2018-10-30,-0.07822249807822687
2018-10-31,2.2897422134192817
2018-11-01,-2.236448268111113
2018-11-02,1.1542026504296514
2018-11-03,-1.9797526607826856
2018-11-04,2.193524327970257
2018-11-05,-0.6386593578823069
2018-11-06,2.094767444716367
2018-11-07,-0.8590696310553046
2018-11-08,-1.4207090250083014
2018-11-09,-0.7400811320813376
2018-11-10,1.9354158751772357
2018-11-11,-1.1445947239392658
2018-11-12,-1.9283524543031052
2018-11-13,-0.5324015691515891
2018-11-14,2.768510382590443
2018-11-15,1.9041026868153266
2018-11-16,-0.7233904438289558
2018-11-17,-1.7563531913283643
2018-11-18,0.24891768500525815
2018-11-19,-1.3450341441046265
2018-11-20,1.1417531810678332
2018-11-21,0.5463249356324634
2018-11-22,1.1121307440609611
2018-11-23,0.9207233284399676
2018-11-24,-1.045706040969846
2018-11-25,-1.9385213340856373
2018-11-26,-1.4561102418820897
2018-11-27,1.6683973827943595
2018-11-28,2.1696350446410415
2018-11-29,-0.8914406358692534
2018-11-30,-1.0796820264857006
2018-12-01,-1.1394613304349537
2018-12-02,1.693280140294659
2018-12-03,0.7668829282375113
2018-12-04,0.31445693577523226
2018-12-05,-2.516558917334648
2018-12-06,-1.0602784204025342
2018-12-07,2.0051301934910395
2018-12-08,1.9924748237502226
2018-12-09,0.4814413586442805
2018-12-10,-1.2508282147933119
2018-12-11,-0.7391050339442424
2018-12-12,-2.3942602174952787
2018-12-13,1.632335672259677
2018-12-14,0.4178125464353412
2018-12-15,0.5533606357017798
2018-12-16,-0.9027856601324393
2018-12-17,0.9339001417962903
2018-12-18,0.8284638321736457
2018-12-19,-0.36578411071634676
2018-12-20,1.4450993029567825
2018-12-21,-1.2755617941817279
2018-12-22,-1.370714122384199
2018-12-23,0.015012753993770805
2018-12-24,-1.1959469333243749
2018-12-25,0.10076233467837084
2018-12-26,1.8511314471411149
2018-12-27,0.05929036964918146
2018-12-28,0.07340139757444869
2018-12-29,-0.8117810488656961
2018-12-30,-0.41247646240913327
2018-12-31,1.072712485266035
2019-01-01,-1.0590902189547444
2019-01-02,1.2704364318644403
2019-01-03,0.4322808751556605
2019-01-04,-0.3160245173812884
2019-01-05,-1.7109923631394526
2019-01-06,1.5128260641420803
2019-01-07,-1.9952488291562704
2019-01-08,0.7016433970101295
2019-01-09,1.5951961256197515
2019-01-10,0.6281296914239275
2019-01-11,-0.8994369868137981
2019-01-12,-0.9685867468575883
2019-01-13,0.8824371832583873
2019-01-14,1.2330579557688108
2019-01-15,-1.9705160586810004
2019-01-16,1.7514484976735156
2019-01-17,-2.330027759706832
2019-01-18,-0.08853314773477355
2019-01-19,0.5460591566799319
2019-01-20,2.2596083390388397
2019-01-21,-1.6010440618735546
2019-01-22,-0.5682128671884081
2019-01-23,0.30965003538234115
2019-01-24,-0.0890398375299116
2019-01-25,1.5958839555152393
2019-01-26,-0.8985786156728243
2019-01-27,-0.6546375576261829
2019-01-28,-0.30892147655181235
2019-01-29,0.3739093635179733
2019-01-30,0.17434304733095826
2019-01-31,-1.0246288432479902
2019-02-01,0.4174621313865556
2019-02-02,0.278342091006267
2019-02-03,0.1844594592105631
2019-02-04,0.5197256423449274
2019-02-05,-1.732343210348188
2019-02-06,2.4241143937717107
2019-02-07,-1.2090787024868719
2019-02-08,-0.4659007670030791
2019-02-09,-0.6962970429797711
2019-02-10,1.153600306108009
2019-02-11,-1.6036621582513528
2019-02-12,2.139348271970575
2019-02-13,0.5712162011138996
2019-02-14,0.05649780441560472
2019-02-15,-1.5600255059076795
2019-02-16,-0.1684772701600988
2019-02-17,2.1079854256844026
2019-02-18,-1.7789872044483803
2019-02-19,1.2096922564727626
2019-02-20,-1.6993301596351165
2019-02-21,0.7636057937022348
2019-02-22,-2.2065239909145813
2019-02-23,1.6936765212998257
2019-02-24,-0.9236281448577357
2019-02-25,1.86315444865938
2019-02-26,-0.5119651501478488
2019-02-27,1.1404070048821149
2019-02-28,-0.013200586965682472
2019-03-01,-1.064172851557428
2019-03-02,-2.414174457509648
2019-03-03,1.0792084767347683
2019-03-04,2.5705558068462833
2019-03-05,-0.1501033305805217
2019-03-06,-1.1867308131816356
2019-03-07,1.1908044102577675
2019-03-08,-1.8526863384324004
2019-03-09,-1.1465448143365602
2019-03-10,1.634240190131967
2019-03-11,0.030388444663586797
2019-03-12,-0.6513353788164702
2019-03-13,1.7912113385316824
2019-03-14,-0.5297592298062578
2019-03-15,-1.5203071540660937
2019-03-16,0.10744219029465643
2019-03-17,0.8385721475217502
2019-03-18,-1.9639120461563375
2019-03-19,1.7461718411282083
2019-03-20,-0.2953783798576194
2019-03-21,1.0315472854914118
2019-03-22,-0.37794643026045965
2019-03-23,-0.9691260726273815
2019-03-24,1.340710918458038
2019-03-25,0.47427386866061083
2019-03-26,-0.4452811286701257
2019-03-27,-1.668143606875737
2019-03-28,2.5024374058524135
2019-03-29,-1.824541926965052
2019-03-30,-0.8885158506833467
2019-03-31,0.24357535414619294
2019-04-01,1.1892199689935805
2019-04-02,0.9749936467983309
2019-04-03,-1.0630677115374594
2019-04-04,-0.9495474522605266
2019-04-05,0.17961599339078144
2019-04-06,-0.566461705243987
2019-04-07,0.45794899189039895
2019-04-08,1.5892171322887347
2019-04-09,-0.031109623228105378
2019-04-10,-0.904077092743221
2019-04-11,-2.2201680880721337
2019-04-12,1.7175202644096912
2019-04-13,1.2443236867520089
2019-04-14,1.5767954624418345
2019-04-15,-1.3257837345231382
2019-04-16,-1.7618624431144285
2019-04-17,-1.823484146842012
2019-04-18,2.3402439188794677
2019-04-19,2.81168873008774
2019-04-20,-1.1545037670577638
2019-04-21,-1.1184013149717116
2019-04-22,-2.0574496343786666
2019-04-23,-1.5534233524051873
2019-04-24,2.574680981167451
2019-04-25,2.3399567340178304
2019-04-26,-1.0026350086988722
2019-04-27,-0.5081606905244155
2019-04-28,-1.9163463533664695
2019-04-29,2.2938816788662213
2019-04-30,-1.0971230149635725
2019-05-01,-1.538444916334977
2019-05-02,1.849404816974966
2019-05-03,0.7136444706605032
2019-05-04,1.026103981174573
2019-05-05,-2.2351513016900793
2019-05-06,0.09757684286843525
2019-05-07,-2.103456031486055
2019-05-08,1.8255147280609387
2019-05-09,1.6384777377174464
2019-05-10,2.250141650044595
2019-05-11,-0.9170289347072423
2019-05-12,-1.681650661228881
2019-05-13,-1.4030204011667844
2019-05-14,0.11501175472523342
2019-05-15,-1.0928476954630346
2019-05-16,1.2863861943561246
2019-05-17,1.1616888109372907
2019-05-18,-2.207684145658731
2019-05-19,1.313802350311837
2019-05-20,1.4275709773382315
2019-05-21,-0.3243086572518168
2019-05-22,-0.09208306076538167
2019-05-23,-1.814863139952047
2019-05-24,-0.5578407417936135
2019-05-25,0.754397614337969
2019-05-26,1.4166110138814554
2019-05-27,-1.0474475227100686
2019-05-28,0.6998407440750105
2019-05-29,-0.5017606467067627
2019-05-30,0.07860856477877412
2019-05-31,0.7131602075526742
2019-06-01,-0.5360312793830023
2019-06-02,-1.3845116151063712
2019-06-03,2.0372302357276593
2019-06-04,1.0720351851589944
2019-06-05,-1.3915847383482278
2019-06-06,0.4280868484106418
2019-06-07,-1.4395597212591456
2019-06-08,-1.6849272921113527
2019-06-09,-0.10148445451592122
2019-06-10,2.83989441858326
2019-06-11,1.6933135394114904
2019-06-12,-2.6615339369619155
2019-06-13,-1.426304744303225
2019-06-14,-0.4739208614598967
2019-06-15,2.0601625979943785
2019-06-16,1.7758516019723112
2019-06-17,0.6823612775914937
2019-06-18,-2.458335479960753
2019-06-19,0.8829970742137628
2019-06-20,-1.1334777544317036
2019-06-21,-0.24571673726032534
2019-06-22,-0.6265701902547381
2019-06-23,2.1048793645689354
2019-06-24,0.7828399791750128
2019-06-25,-1.7671335371328292
2019-06-26,0.6721328093248299
2019-06-27,-0.9261364191022866
2019-06-28,1.2910567534844246
2019-06-29,-1.5637321023848816
2019-06-30,-0.1147175623216816
2019-07-01,-0.28404395294378604
2019-07-02,0.8710191179649192
2019-07-03,1.468567608831287
2019-07-04,-1.5743299671629332
2019-07-05,-0.4916447761151888
2019-07-06,0.8153938473447023
2019-07-07,1.6911817055856468
2019-07-08,-1.6808261646194427
2019-07-09,0.676697513379259
2019-07-10,0.5409236329089008
2019-07-11,-1.266508752101801
2019-07-12,-1.7651111294577235
2019-07-13,1.5269321075974258
2019-07-14,-0.8298589069672835
2019-07-15,1.4243432414574753
2019-07-16,1.4120392157251151
2019-07-17,-0.22684200261815493
2019-07-18,-0.38606434279204105
2019-07-19,-0.7884622881868724
2019-07-20,-1.6531690887487602
2019-07-21,0.37152303425655986
2019-07-22,0.7224980084187008
2019-07-23,-0.7664381702567491
2019-07-24,1.0992728545395858
2019-07-25,2.2023127367944806
2019-07-26,-2.2763654687084003
2019-07-27,0.5761477694165161
2019-07-28,-0.40267722976035913
2019-07-29,0.014985748510686223
2019-07-30,-1.23934761603038
2019-07-31,0.8812158085724145
2019-08-01,2.0473580092775645
2019-08-02,-2.2995661604711817
2019-08-03,-1.0420286498697624
2019-08-04,1.5279269544912546
2019-08-05,0.045857879999868886
2019-08-06,-1.4570587928098044
2019-08-07,1.647622775812466
2019-08-08,2.125650285305289
2019-08-09,-2.1044737967098843
2019-08-10,-1.7414955186957914
2019-08-11,0.9689914741879642
2019-08-12,1.2715213136550614
2019-08-13,-1.1787929869277614
2019-08-14,-0.6090260511785236
2019-08-15,0.10953557660714189
2019-08-16,0.6215062993402098
2019-08-17,0.9827424371605541
2019-08-18,1.2275982974266435
2019-08-19,0.05009098529986443
2019-08-20,-3.0505303608871097
2019-08-21,1.3928550647988382
2019-08-22,-0.3029304833250154
2019-08-23,0.6123670534114523
2019-08-24,-0.36293403790536055
2019-08-25,-0.5587334993381481
2019-08-26,1.1612426044572683
2019-08-27,0.23995249462576054
2019-08-28,-0.7520978917739133
2019-08-29,-1.4058052721513634
2019-08-30,0.8750455410946059
2019-08-31,0.7679326974998101
2019-09-01,1.7844824911479173
2019-09-02,-2.06274270037068
2019-09-03,-0.3933480730167611
2019-09-04,-1.6710232368349685
2019-09-05,2.2222645333460758
2019-09-06,2.113067949610743
2019-09-07,-1.3708322589474793
2019-09-08,-2.063537476615638
2019-09-09,-1.0628483832073488
2019-09-10,0.7361339232658741
2019-09-11,1.9940677191730964
2019-09-12,1.7260040658328875
2019-09-13,-0.9282234791658099
2019-09-14,-2.4721873986350635
2019-09-15,1.0088437687571437
2019-09-16,0.5370510044336326
2019-09-17,0.021928492939841802
2019-09-18,-1.6325978515785158
2019-09-19,0.03920999907347613
2019-09-20,1.3680122225117997
2019-09-21,-0.0422458134623643
2019-09-22,2.3223903757060906
2019-09-23,-1.6317470060008037
2019-09-24,-0.43157124532745517
2019-09-25,-0.3305227707100461
2019-09-26,0.858904365820882
2019-09-27,-1.777329065093882
2019-09-28,-0.5858786717619598
2019-09-29,0.5834297994130517
2019-09-30,0.7838327709118046
2019-10-01,1.0843160751294993
2019-10-02,0.2738648489450678
2019-10-03,0.953452258546383
2019-10-04,-1.3547697113746524
2019-10-05,-0.5408427990161176
2019-10-06,-0.1425218218998003
2019-10-07,-1.3106888752696295
2019-10-08,-1.484027265204042
2019-10-09,1.7780644328685193
2019-10-10,0.3000475076738366
2019-10-11,1.0615723558917465
2019-10-12,0.07951891615137288
2019-10-13,-0.379445800904991
2019-10-14,1.325649655961119
2019-10-15,1.7780264731254425
2019-10-16,-1.8177090465658585
2019-10-17,-1.565578954984838
2019-10-18,-0.41137301126592424
2019-10-19,-0.8418772460665441
2019-10-20,0.42370685222128457
2019-10-21,0.8952667413412142
2019-10-22,1.307109876287007
2019-10-23,0.3651614134420039
2019-10-24,-2.4213353376032973
2019-10-25,0.12487178960660666
2019-10-26,2.536910592664136
2019-10-27,-0.8098057815240998
2019-10-28,-0.36746354145378335
2019-10-29,-1.7480428130169452
2019-10-30,2.191041234619285
2019-10-31,-0.5924034023548631
2019-11-01,-0.11652559419144543
2019-11-02,-2.610517928636596
2019-11-03,2.692069352221898
2019-11-04,1.6136623800432486
2019-11-05,-1.000523906838418
2019-11-06,-1.4118372194107058
2019-11-07,-0.06876884401936131
2019-11-08,1.8480290056986617
2019-11-09,-2.074841720690471
2019-11-10,0.533794979460074
2019-11-11,1.7438064831414164
2019-11-12,-0.5250297246997215
2019-11-13,-1.293622983403032
2019-11-14,-1.3039277635169684
2019-11-15,2.1438288498893368
2019-11-16,0.6424788128315991
2019-11-17,-0.20259473038882644
2019-11-18,-0.033923451457613565
2019-11-19,-1.0713711829820491
2019-11-20,-0.43813130639256215
2019-11-21,1.7118602161002399
2019-11-22,-0.9230154524480356
2019-11-23,-0.4914668213419507
2019-11-24,2.785963388629673
2019-11-25,-1.14811497062875
2019-11-26,-1.7404107773437483
2019-11-27,-0.5039270238153212
2019-11-28,-0.3578459364907348
2019-11-29,1.9711983871853163
2019-11-30,0.58979372980187
2019-12-01,-2.4499773536926615
2019-12-02,0.9667483024577491
2019-12-03,1.7355859296435545
2019-12-04,0.8142274375022193
2019-12-05,-0.8393507326097963
2019-12-06,-1.8171240197216052
2019-12-07,1.6536280479853158
2019-12-08,0.01682715740277077
2019-12-09,-1.2846100358361414
2019-12-10,-1.729668492640898
2019-12-11,-0.3457701750237011
2019-12-12,1.921641731555921
2019-12-13,1.7251809391561166
2019-12-14,-1.5092651391657472
2019-12-15,-1.6827385833450867
2019-12-16,1.4075151453405153
2019-12-17,1.4027899841282112
2019-12-18,-1.1511673179993869
2019-12-19,-0.5486335378639441
2019-12-20,1.0755886293536305
2019-12-21,0.8840720753586037
2019-12-22,0.9862451116643436
2019-12-23,-1.6191540330303869
2019-12-24,0.26766869037315555
2019-12-25,-1.8961265075226228
2019-12-26,-0.7063324759298498
2019-12-27,2.1028434694744558
2019-12-28,2.131978053944878
2019-12-29,-1.9095159324245492
2019-12-30,-1.643862349589003
2019-12-31,-1.2294028015324736
2020-01-01,1.7069087276021344
2020-01-02,1.2420349155518962
2020-01-03,2.3167808483140373
2020-01-04,-2.4082818062471736
2020-01-05,-2.4635489319741826
2020-01-06,-0.37938572571452356
2020-01-07,1.901332818609574
2020-01-08,0.5666331427375592
2020-01-09,1.1137682897136882
2020-01-10,-1.15228465964954
2020-01-11,1.2209275912590567
2020-01-12,-1.7861478032860225
2020-01-13,1.3015997717220853
2020-01-14,1.1669971878964551
2020-01-15,-1.718837378899372
2020-01-16,-0.41041244398320653
2020-01-17,-1.9386635114222146
2020-01-18,0.4618943885108006
2020-01-19,1.9775588942192763
2020-01-20,0.7462641139970044
2020-01-21,-0.3212279593969578
2020-01-22,0.8166107186893053
2020-01-23,-0.7179409308084689
2020-01-24,-1.391381251903512
2020-01-25,-1.25523582635894
2020-01-26,0.8978935014866687
2020-01-27,1.6382864116899651
2020-01-28,-0.3044797784306832
2020-01-29,-0.1656725820913242
2020-01-30,0.5587001393589884
2020-01-31,-2.369472126082494
2020-02-01,-0.8284066453867628
2020-02-02,2.4792665645865295
2020-02-03,1.9261766440612758
2020-02-04,-1.8278977081285328
2020-02-05,-1.3001050735994246
2020-02-06,1.6211584493393103
2020-02-07,-0.8754104291465923
2020-02-08,-1.6675466217097525
2020-02-09,1.213121846976504
2020-02-10,0.5554959126055833
2020-02-11,1.3798838639174695
2020-02-12,-0.876396344092412
2020-02-13,-0.18431448253422808
2020-02-14,0.5427660328412343
2020-02-15,-0.7416234921694088
2020-02-16,-1.1334225592333083
2020-02-17,1.525856981408762
2020-02-18,-0.20611756959867208
2020-02-19,-0.5560017479701312
2020-02-20,0.33813747787421466
2020-02-21,-0.45878531874881806
2020-02-22,-0.36644585263575175
2020-02-23,1.3161066037692046
2020-02-24,-0.48003257561355583
2020-02-25,-1.3057653516921421
2020-02-26,1.3186064962793163
2020-02-27,0.9142262118320109
2020-02-28,0.9899768507763886
2020-02-29,-1.9079385990865088
2020-03-01,-0.49622488087261574
2020-03-02,0.2500002118586734
2020-03-03,-1.0048152979252558
2020-03-04,0.3124195938426243
2020-03-05,1.2278765545885533
2020-03-06,-0.6207910394165823
2020-03-07,1.1563113498525308
2020-03-08,-1.7453128608371797
2020-03-09,-0.059737831378412834
2020-03-10,0.22235972918580685
2020-03-11,0.4849027502112203
2020-03-12,0.33205604912271813
2020-03-13,1.4985702167855328
2020-03-14,-2.0380365277764936
2020-03-15,0.7561517968912506
2020-03-16,-0.8331132197009795
2020-03-17,0.36793754869196516
2020-03-18,0.009013145424568852
2020-03-19,-0.728168303421901
2020-03-20,1.1614171141937162
2020-03-21,0.034810502505892384
2020-03-22,-2.5102821824316255
2020-03-23,1.8511049862633127
2020-03-24,1.6701780600335843
2020-03-25,-0.9230926799640312
2020-03-26,-1.0631032059974659
2020-03-27,-1.8310041868847173
2020-03-28,1.276614172895756
2020-03-29,1.29688329940957
2020-03-30,1.5751320730071012
2020-03-31,-0.9436709214391437
2020-04-01,-0.10828658614970879
2020-04-02,-0.6169920956582952
2020-04-03,0.44744820506669053
2020-04-04,-0.5363667481462703
2020-04-05,0.32956745288675804
2020-04-06,-1.3201331792078785
2020-04-07,-0.5241936195599886
2020-04-08,1.5219089046686713
2020-04-09,-0.8407864940535478
2020-04-10,-0.2765589093811956
2020-04-11,-0.03515196483617696
2020-04-12,0.17625066973662643
2020-04-13,2.100144702574671
2020-04-14,-0.1095405877408959
2020-04-15,-2.325698161846371
2020-04-16,0.31465149829632655
2020-04-17,-0.9360448244349209
2020-04-18,1.5442074871417912
2020-04-19,2.395726705893461
2020-04-20,-1.8341886058869394
2020-04-21,0.46535875188052156
2020-04-22,-0.7469330896428649
2020-04-23,-0.898722384658507
2020-04-24,-1.712404292382837
2020-04-25,0.8487202333570788
2020-04-26,0.5659128609123252
2020-04-27,1.6341708333402782
2020-04-28,0.6491088618313254
2020-04-29,-2.678418233968258
2020-04-30,0.9759968831251752
2020-05-01,0.5411264743509447
2020-05-02,-1.1720482638059646
2020-05-03,0.44673456492275476
2020-05-04,0.5420767694484573
2020-05-05,0.16845040324891783
2020-05-06,0.3387769347143045
2020-05-07,0.5302374933240853
2020-05-08,-1.1357224280335474
2020-05-09,0.8417593126939106
2020-05-10,0.49228035276426296
2020-05-11,-1.1262941393600836
2020-05-12,-0.8048548099322632
2020-05-13,-1.8005094603077856
2020-05-14,0.8044174415847768
2020-05-15,1.8593231754345345
2020-05-16,-0.15090652020680903
2020-05-17,-0.6286002122778831
2020-05-18,-0.8209035864242894
2020-05-19,1.4497466635067218
2020-05-20,-0.32193809604525725
2020-05-21,1.8474245722276506
2020-05-22,-2.725753227825452
2020-05-23,-0.36590305250014304
2020-05-24,1.1690185454373443
2020-05-25,2.3636113031741
2020-05-26,-1.3518168312212504
2020-05-27,-1.827466783546
2020-05-28,1.05627205795504
2020-05-29,-1.491900555713167
2020-05-30,1.8576630897157227
2020-05-31,0.42836339400365175
2020-06-01,-1.6056439260931614
2020-06-02,-0.5892819086840086
2020-06-03,0.8287674289834196
2020-06-04,-0.6732254564099537
2020-06-05,0.4589308295542038
2020-06-06,0.5682357335645999
2020-06-07,0.561509665947822
2020-06-08,-0.6342329792008984
2020-06-09,-0.6998396506779594
2020-06-10,0.6311086816536441
2020-06-11,1.5870762207869744
2020-06-12,1.1534300300372833
2020-06-13,-2.0035242655357157
2020-06-14,-0.8652092527734914
2020-06-15,-0.3190857620362765
2020-06-16,-1.9070140207190827
2020-06-17,1.5339931783004
2020-06-18,1.9234701119460225
2020-06-19,1.028720512398179
2020-06-20,-2.9708486941924326
2020-06-21,1.0235016175185032
2020-06-22,-0.2319459087477641
2020-06-23,1.1278396905718884
2020-06-24,-1.1596031978323813
2020-06-25,1.9647249642833826
2020-06-26,-1.8268839674383146
2020-06-27,-0.8359871386874634
2020-06-28,-1.482301514560911
2020-06-29,2.0319843004331415
2020-06-30,1.1129097683408977
2020-07-01,-1.574988395244211
2020-07-02,1.7242910502024655
2020-07-03,-0.4707703731725575
2020-07-04,0.5591725385491638
2020-07-05,-2.214880435216772
2020-07-06,1.249374659873514
2020-07-07,-1.8234081153056332
2020-07-08,2.048385662265475
2020-07-09,0.19270143436618362
2020-07-10,0.03025563349767263
2020-07-11,-1.230104191417843
2020-07-12,0.31001751993805526
2020-07-13,1.3115044126966038
2020-07-14,-0.4296137183232682
2020-07-15,-0.7962740946653629
2020-07-16,-0.8648333479418983
2020-07-17,0.3857082012917756
2020-07-18,1.1076480335495884
2020-07-19,1.348025868152076
2020-07-20,-0.8054797682496074
2020-07-21,-1.1816733684829979
2020-07-22,0.703586252415847
2020-07-23,1.4125793283994368
2020-07-24,-2.460753438583817
2020-07-25,1.4160417621579822
2020-07-26,-1.4239543780127042
2020-07-27,2.4735211921294646
2020-07-28,-1.4107530633993415
2020-07-29,-2.1463500046604898
2020-07-30,0.43628383332078446
2020-07-31,1.5105680433629358
2020-08-01,1.531351607854526
2020-08-02,-1.8718078468990618
2020-08-03,0.6670851907375989
2020-08-04,-1.8810436245130768
2020-08-05,0.32185346849325314
2020-08-06,1.524588731215813
2020-08-07,1.9844423158496751
2020-08-08,-1.280954389050058
2020-08-09,-1.5514817006989452
2020-08-10,-1.0870797355758586
2020-08-11,1.997839266164653
2020-08-12,-0.6521433140301686
2020-08-13,0.5277723108520772
2020-08-14,-1.4578792935559919
2020-08-15,0.5204912746808442
2020-08-16,1.4075985267585673
2020-08-17,-2.02472688946948
2020-08-18,0.7910785134089613
2020-08-19,1.9115571240067064
2020-08-20,-0.19854030765665862
2020-08-21,-1.2345217009864073
2020-08-22,-0.7665095194004071
2020-08-23,1.032427882148452
2020-08-24,0.8159949136238721
2020-08-25,-2.8678272356328103
2020-08-26,1.5526295778206611
2020-08-27,-0.007493019515964018
2020-08-28,-0.32493723800274826
2020-08-29,0.7548751210043686
2020-08-30,1.9399439947709192
2020-08-31,0.926628192137788
2020-09-01,-2.8138922002224342
2020-09-02,-2.2868639370941812
2020-09-03,0.13927635437158706
2020-09-04,1.2062422385622666
2020-09-05,1.2528877160301743
2020-09-06,-0.1596463063938833
2020-09-07,0.04800523878223527
2020-09-08,-0.1303824084486402
2020-09-09,0.07515956302199908
2020-09-10,-0.023208707190869628
2020-09-11,-0.3238839839117363
2020-09-12,1.0988141473797708
2020-09-13,-0.21686520252553462
2020-09-14,0.7671881117052278
2020-09-15,-0.29530007400247715
2020-09-16,-0.8745300427287351
2020-09-17,-1.830001741961796
2020-09-18,1.6708967456509625
2020-09-19,0.4216376657300753
2020-09-20,0.9575800463923068
2020-09-21,-1.869191688082093
2020-09-22,-0.7681289882769855
2020-09-23,-1.212896488416873
2020-09-24,0.9121654494779802
2020-09-25,1.0212776181664778
2020-09-26,0.664362839091667
2020-09-27,1.0610133695828503
2020-09-28,0.5292080870110679
2020-09-29,-1.9919194295718308
2020-09-30,0.6004453820064565
2020-10-01,0.4417513527646745
2020-10-02,0.6487591060454874
2020-10-03,-1.7073337694952773
2020-10-04,0.35448750924351
2020-10-05,-2.1404092170473095
2020-10-06,1.5707552516667027
2020-10-07,0.4864175209638414
2020-10-08,0.708118183123487
2020-10-09,-0.6083524869265575
2020-10-10,-0.30767298858783826
2020-10-11,0.06176884354889525
2020-10-12,0.7207640862929422
2020-10-13,-1.084271676768254
2020-10-14,0.646364102099022
2020-10-15,1.3702850514889333
2020-10-16,-1.0681214541734592
2020-10-17,1.8408580715070724
2020-10-18,-2.229769018084001
2020-10-19,-0.7080820998779943
2020-10-20,2.4472003911403766
2020-10-21,-1.3550110924679393
2020-10-22,0.36136729268657863
2020-10-23,-1.430211764771707
2020-10-24,1.656486318950081
2020-10-25,-0.5792113622789634
2020-10-26,-1.6602788633135819
2020-10-27,-0.03899785345856175
2020-10-28,1.6947353077244367
2020-10-29,1.8005117112714315
2020-10-30,-1.4850922790742105
2020-10-31,-1.7291671073457795
2020-11-01,1.5971402702946358
2020-11-02,-1.1226966413517476
2020-11-03,1.8372012708264611
2020-11-04,-1.9579747050511918
2020-11-05,1.3019574062446664
2020-11-06,-0.44868093572949325
2020-11-07,-1.6136705586712228
2020-11-08,1.0140692990016384
2020-11-09,1.6192852302762373
2020-11-10,-0.7217544790270063
2020-11-11,1.3066410655599023
2020-11-12,0.21710092389913718
2020-11-13,-0.6096730596179627
2020-11-14,-1.2805075101427537
2020-11-15,-1.2102945556216673
2020-11-16,-0.12611174515051304
2020-11-17,1.644607949884473
2020-11-18,2.282573419911558
2020-11-19,-1.5909806137745848
2020-11-20,-0.012210042091881423
2020-11-21,-1.6030446194096075
2020-11-22,-0.5043023110756357
2020-11-23,-1.3983358298614195
2020-11-24,2.288448276366238
2020-11-25,1.6064536094030268
2020-11-26,-1.5740573114309002
2020-11-27,0.8437892904371351
2020-11-28,1.2313818629999613
2020-11-29,-1.95863223345736
2020-11-30,1.7575437174591326
2020-12-01,-1.2925095539337983
2020-12-02,1.8783719143529192
2020-12-03,-1.924874615307013
2020-12-04,-1.0177071465322045
2020-12-05,-0.878715501047238
2020-12-06,2.3492261948764277
2020-12-07,-1.8291623145628324
2020-12-08,0.8982316733233509
2020-12-09,2.497744908565431
2020-12-10,-0.37006110604919396
2020-12-11,-1.8120539981685029
2020-12-12,-1.8225546616642336
2020-12-13,0.7664221668021847
2020-12-14,1.6914218398123464
2020-12-15,-0.9520299686761513
2020-12-16,1.4000239095183256
2020-12-17,-1.1006940977512032
2020-12-18,0.013136816398043816
2020-12-19,0.6495291868413072
2020-12-20,-0.9304216103739498
2020-12-21,0.9401134236152414
2020-12-22,-0.15594260034375737
2020-12-23,1.0322484491650536
2020-12-24,-2.5341981147119643
2020-12-25,0.4687958288357718
2020-12-26,0.47838437751949775
2020-12-27,0.824952690200339
2020-12-28,0.13473443253656525
2020-12-29,-2.377609810503679
2020-12-30,1.0724352658610323
2020-12-31,0.08431305051769136
2021-01-01,2.0902708451405427
2021-01-02,0.7715473973187851
2021-01-03,-1.1742670887220774
2021-01-04,-2.1487629342587655
2021-01-05,1.8957016320415496
2021-01-06,-0.6647265901982838
2021-01-07,-0.8643636705176067
2021-01-08,0.9442733964998082
2021-01-09,-0.9035162805691134
2021-01-10,-2.043832437540823
2021-01-11,1.4438867619537317
2021-01-12,1.3079907261185033
2021-01-13,1.427664958962155
2021-01-14,-2.1753048070858743
2021-01-15,0.9943869765696915
2021-01-16,0.6034274150129671
2021-01-17,-1.6024315072242479
2021-01-18,-0.06152942757372716
2021-01-19,1.494522019208623
2021-01-20,0.4790750643450191
2021-01-21,-0.8002606111881735
2021-01-22,-3.38982398154039
2021-01-23,1.8132601536718778
2021-01-24,1.0651936566316687
2021-01-25,1.442960548054185
2021-01-26,-1.5623727150056945
2021-01-27,0.13489925891918472
2021-01-28,-1.2832281104425804
2021-01-29,1.501650251275292
2021-01-30,0.8457511664852727
2021-01-31,-1.0224218416358488
2021-02-01,-0.8666379451596983
2021-02-02,1.1890516115540697
2021-02-03,-0.9818919733041572
2021-02-04,1.0369478393505587
2021-02-05,0.7380024364558848
2021-02-06,-0.5472204221553402
2021-02-07,0.035313571897303025
2021-02-08,-2.904590213272225
2021-02-09,0.5049052944361696
2021-02-10,1.4582346986760166
2021-02-11,0.6212592433455609
2021-02-12,-0.10236005500220263
2021-02-13,0.8849030103789924
2021-02-14,1.9277090804198787
2021-02-15,-2.99190291683713
2021-02-16,-2.617718437093573
2021-02-17,1.2343348018264928
2021-02-18,2.2451536753471633
2021-02-19,-2.135936665643671
2021-02-20,0.5375900270930752
2021-02-21,0.6020679859157008
2021-02-22,-0.5174591621701191
2021-02-23,0.8501028398908259
2021-02-24,0.4519860842879925
2021-02-25,0.13916258165689235
2021-02-26,-1.178769907815093
2021-02-27,0.713794260489455
2021-02-28,0.6112523334316025
2021-03-01,-0.3473589645589671
2021-03-02,-0.3093962340797143
2021-03-03,-1.4896208963685345
2021-03-04,0.3101448478939465
2021-03-05,0.879033545615757
2021-03-06,-1.0015438575382152
2021-03-07,-0.757091661879022
2021-03-08,1.3711600707135294
2021-03-09,1.3666069211957277
2021-03-10,0.3817985921004531
2021-03-11,-1.4157599780615955
2021-03-12,-1.9670288743553017
2021-03-13,-0.458253698493375
2021-03-14,2.7932548305586256
2021-03-15,0.45393754719289403
2021-03-16,0.9953521828616827
2021-03-17,-2.3916175408627955
2021-03-18,-2.067030954495076
2021-03-19,0.8249037184211956
2021-03-20,1.0293079707765262
2021-03-21,2.5688481843960442
2021-03-22,-0.04521518457607189
2021-03-23,-1.0878259659008593
2021-03-24,-2.0449806653874587
2021-03-25,-0.4410819999689951
2021-03-26,1.8556154971197911
2021-03-27,0.8585472442959424
2021-03-28,-1.8027949019475875
2021-03-29,-0.6447810276587548
2021-03-30,0.6505767379481311
2021-03-31,-0.7706134580685874
2021-04-01,1.807032562967459
2021-04-02,0.6278559726885098
2021-04-03,-0.9386814189850935
2021-04-04,-1.3962800822298915
2021-04-05,0.015847520065773155
2021-04-06,1.1720122486195796
2021-04-07,-0.4937068675229196
2021-04-08,0.8992505706373227
2021-04-09,0.9575728830611949
2021-04-10,-0.6886157826609559
2021-04-11,-0.1204005636478078
2021-04-12,-2.079362327203128
2021-04-13,-0.9168027819226667
2021-04-14,2.27227431213148
2021-04-15,1.9939489603758729
2021-04-16,-2.4271747853073524
2021-04-17,0.5482701383659122
2021-04-18,-0.7295211605586707
2021-04-19,2.5989412385971993
2021-04-20,-1.3226086777170005
2021-04-21,-0.5809733060035275
2021-04-22,-1.4502976951643392
2021-04-23,0.00017738671655304072
2021-04-24,2.865371935770942
2021-04-25,-1.3866811796195952
2021-04-26,-0.9379596122482811
2021-04-27,-0.6135902921036953
2021-04-28,1.4069902238137475
2021-04-29,-0.3028936723037833
2021-04-30,-0.22281295576654064
2021-05-01,1.0742589198725174
2021-05-02,0.2117110520751362
2021-05-03,-2.0449918272531344
2021-05-04,0.131723682591427
2021-05-05,-0.3192860583721594
2021-05-06,1.7232954737181017
2021-05-07,1.891285338252944
2021-05-08,0.046837648680516576
2021-05-09,-0.5840027359464506
2021-05-10,-1.4049159215410962
2021-05-11,-0.8300917502598013
2021-05-12,-1.2132005205095195
2021-05-13,-1.222342908790713
2021-05-14,2.4916880349394486
2021-05-15,2.4180096509313858
2021-05-16,-1.5431691286109575
2021-05-17,-0.8554839495822536
2021-05-18,0.3691281969299913
2021-05-19,-2.0622005123180918
2021-05-20,1.801414827139409
2021-05-21,-0.18985963223587438
2021-05-22,0.9416248076179282
2021-05-23,-0.29961026759626663
2021-05-24,0.8382894301757032
2021-05-25,-1.9870093433496558
2021-05-26,1.2628640388801466
2021-05-27,1.698014264141625
2021-05-28,-1.3961969820882147
2021-05-29,-1.3801185170957015
2021-05-30,-0.005332907118772406
2021-05-31,1.0157428745027883
2021-06-01,-1.4930279875446937
2021-06-02,0.9186125048586798
2021-06-03,-0.4084664358034845
2021-06-04,0.6702012759366183
2021-06-05,-0.06730589375967252
2021-06-06,-0.007933723656693398
2021-06-07,1.2014283835021016
2021-06-08,-1.857418966998872
2021-06-09,0.7331310439829802
2021-06-10,0.6189039852949546
2021-06-11,1.142408402140971
2021-06-12,-1.6002972442765386
2021-06-13,-0.12553017736693503
2021-06-14,0.27484571371811894
2021-06-15,0.1885404441618155
2021-06-16,-1.0480603867835248
2021-06-17,-0.8115471211176714
2021-06-18,1.5532707304968325
2021-06-19,-1.214876988740264
2021-06-20,-0.27771930365768527
2021-06-21,-0.1870610807054648
2021-06-22,1.5685656620582042
2021-06-23,1.890682232373785
2021-06-24,-2.3438309684736556
2021-06-25,0.5837053941860388
2021-06-26,0.647334627027541
2021-06-27,-1.8755816687243245
2021-06-28,-0.1979290713781795
2021-06-29,0.8898592389056423
2021-06-30,2.0341871034574206
2021-07-01,-1.5308403670677835
2021-07-02,-1.364646919423487
2021-07-03,-0.06868507915594688
2021-07-04,0.867154243208011
2021-07-05,1.0511205963360095
2021-07-06,-0.1425958719552591
2021-07-07,-1.2152959220232225
2021-07-08,1.2429740415980304
2021-07-09,-0.6380555879644818
2021-07-10,-0.6478405118810916
2021-07-11,-0.18749947099810724
2021-07-12,0.6833544220213496
2021-07-13,1.0176274893348127
2021-07-14,-1.123214675910261
2021-07-15,-0.18847767072792884
2021-07-16,-0.574287152303002
2021-07-17,2.010329909537945
2021-07-18,-1.434589565071166
2021-07-19,0.771404192292256
2021-07-20,-1.3870764018293906
2021-07-21,1.2158317838797652
2021-07-22,-0.0017651412173636874
2021-07-23,1.0009892329790218
2021-07-24,-0.42761657689805227
2021-07-25,-0.1851352269298607
2021-07-26,0.8545999925798681
2021-07-27,-0.8419125356404402
2021-07-28,-1.7501761978240102
2021-07-29,-0.1546918515290104
2021-07-30,0.24479289601769078
2021-07-31,0.6207407355991076
2021-08-01,1.44442653150063
2021-08-02,-0.7196789695410389
2021-08-03,0.16396851845801932
2021-08-04,-2.2277624680005195
2021-08-05,1.5547355720436526
2021-08-06,1.3752772345893816
2021-08-07,0.6592897825774254
2021-08-08,-0.8920611515115999
2021-08-09,0.0008013136509644608
2021-08-10,-1.649275927428513
2021-08-11,0.36432570302537315
2021-08-12,0.6889339857918754
2021-08-13,-1.803200257808628
2021-08-14,0.9417008632997802
2021-08-15,1.451253977797135
2021-08-16,2.262139606112879
2021-08-17,-2.3762754514301685
2021-08-18,-0.9186240946442287
2021-08-19,-0.23135722641677767
2021-08-20,0.34317465667211006
2021-08-21,1.236592764092067
2021-08-22,-1.3971846565408035
2021-08-23,0.09512384659751359
2021-08-24,-0.17031749032989382
2021-08-25,-1.3164480287804983
2021-08-26,0.7090514701247753
2021-08-27,1.0835429980673068
2021-08-28,0.3713453974022027
2021-08-29,-0.24993341282002943
2021-08-30,1.544721190369931
2021-08-31,0.24086496892564127
2021-09-01,-1.3696655364080135
2021-09-02,0.26210256296569245
2021-09-03,0.24358882100005824
2021-09-04,-0.7821237116789551
2021-09-05,-1.0451525671168673
2021-09-06,-1.3358639317514647
2021-09-07,2.154981199194231
2021-09-08,-2.29620291571701
2021-09-09,1.2231253390517394
2021-09-10,1.269334600333542
2021-09-11,1.8563181956639252
2021-09-12,-0.028483181052332024
2021-09-13,-0.6519489388268654
2021-09-14,-0.6493944341596114
2021-09-15,-0.5953457385244211
2021-09-16,-1.5618203734546314
2021-09-17,-0.07675677462843017
2021-09-18,0.6379040951342968
2021-09-19,1.495126101091932
2021-09-20,0.573112932987368
2021-09-21,-0.14918552773675572
2021-09-22,0.419315595087988
2021-09-23,-1.1703646872933804
2021-09-24,-0.21155895308894107
2021-09-25,-0.7132160700388174
2021-09-26,0.7131043358314437
2021-09-27,-1.490006091566538
2021-09-28,1.2195496645473645
2021-09-29,1.8215270120729352
2021-09-30,-1.050699397527653
2021-10-01,0.3816324769560408
2021-10-02,-1.9621776267984348
2021-10-03,1.788529645803228
2021-10-04,-0.21048427671175618
2021-10-05,-0.02580750471654001
2021-10-06,0.27563790974414915
2021-10-07,-0.2746568709659857
2021-10-08,-1.968330032274183
2021-10-09,2.9500906340517767
2021-10-10,-0.3410366389464221
2021-10-11,-0.4906155423767119
2021-10-12,-2.5086696554669894
2021-10-13,2.430041002151108
2021-10-14,-2.058276106841456
2021-10-15,0.99631537935211
2021-10-16,0.8004589254913351
2021-10-17,1.092465072934983
2021-10-18,-1.349558651623997
2021-10-19,1.8075166824791529
2021-10-20,0.2929009414552023
2021-10-21,-1.3190679407735233
2021-10-22,-2.03145795641011
2021-10-23,1.217108533421681
2021-10-24,0.8809856782366816
2021-10-25,0.5048701872706586
2021-10-26,0.25036879337013485
2021-10-27,-0.6016457336843705
2021-10-28,-1.981391895426954
2021-10-29,1.2244936897727412
2021-10-30,-1.7327352658068012
2021-10-31,2.0905819939107015
2021-11-01,0.5755639570881469
2021-11-02,-0.4082136991996643
2021-11-03,-1.2546045259374017
2021-11-04,0.11982929754662855
2021-11-05,0.3981913058646766
2021-11-06,1.4497148625979517
2021-11-07,1.300727190919728
2021-11-08,-2.055636695434447
2021-11-09,-0.08456313340251229
2021-11-10,0.3013212346790449
2021-11-11,-1.6849300511225722
2021-11-12,1.239178664389412
2021-11-13,-2.2508752849539553
2021-11-14,1.3586247024106208
2021-11-15,0.9979356327105405
2021-11-16,2.0671384814542995
2021-11-17,-1.2917043847569891
2021-11-18,-1.9684297501823254
2021-11-19,-0.5558083643088041
2021-11-20,1.9631436825434332
2021-11-21,-0.04287559350345502
2021-11-22,1.1816636562643663
2021-11-23,-0.019653548448609982
2021-11-24,-1.168665968953717
2021-11-25,-1.5675272408196024
2021-11-26,2.449016158203909
2021-11-27,-0.18906394100539256
2021-11-28,-0.21345092745024116
2021-11-29,-1.2594737269310374
2021-11-30,-0.4321245657430888
2021-12-01,0.49689857869840737
2021-12-02,0.9654323912391957
2021-12-03,-1.0528778621631234
2021-12-04,0.7543983073230659
2021-12-05,1.5145958275207414
2021-12-06,-0.22569385017399968
2021-12-07,-1.4801135983568878
2021-12-08,0.017214319316793597
2021-12-09,-1.1079789777196696
2021-12-10,1.5781403668983514
2021-12-11,-2.239367059402851
2021-12-12,-0.5008876694341373
2021-12-13,1.5425053733696257
2021-12-14,1.4656693229070248
2021-12-15,1.0527208193253808
2021-12-16,-0.1452672472788111
2021-12-17,-1.1241088118461577
2021-12-18,-0.8490124360784596
2021-12-19,1.0387140356865652
2021-12-20,-2.063771509342476
2021-12-21,2.299107134532398
2021-12-22,-1.4583018456930352
2021-12-23,1.1876685490537595
2021-12-24,0.2918610465157114
2021-12-25,-0.10808385384744565
2021-12-26,-1.9119421158301881
2021-12-27,-0.8322017915992775
2021-12-28,1.7789417359397026
2021-12-29,0.42660682267210703
2021-12-30,0.07715106928981733
2021-12-31,0.5561249202742771
2022-01-01,-0.5079959762499503
2022-01-02,-0.9018520905483334
2022-01-03,0.2306393588461516
2022-01-04,0.19068049728745165
2022-01-05,1.49691662119728
2022-01-06,0.34460079592759574
2022-01-07,0.05732788362545288
2022-01-08,-1.1539435002319027
2022-01-09,-1.212591163938365
2022-01-10,-1.0370730590926303
2022-01-11,-0.35190972764760975
2022-01-12,2.2049885321393186
2022-01-13,-0.3516600675728315
2022-01-14,0.5556468282126146
2022-01-15,-0.8952053563173682
2022-01-16,-0.8785812498218653
2022-01-17,0.19568891692829438
2022-01-18,1.0372382888557459
2022-01-19,1.5381401045372494
2022-01-20,0.3362417358098836
2022-01-21,-2.9741896789112676
2022-01-22,1.5757483618542392
2022-01-23,-0.5073765200314233
2022-01-24,0.263170514488675
2022-01-25,0.4024099904377598
2022-01-26,-0.5696674143223522
2022-01-27,0.5049108857333647
2022-01-28,-0.7793149920302598
2022-01-29,-0.6434518261464238
2022-01-30,1.3227690837925488
2022-01-31,-1.5983384769302549
2022-02-01,1.619608806474388
2022-02-02,1.4160249230529454
2022-02-03,-2.2949190273163556
2022-02-04,0.10747405852940356
2022-02-05,-1.3716947720682444
2022-02-06,1.4879145097217312
2022-02-07,-0.315966208237778
2022-02-08,0.8900930418913111
2022-02-09,0.3230237129403487
2022-02-10,1.212967717291191
2022-02-11,-2.18756737091225
2022-02-12,0.37118297774992576
2022-02-13,-0.8122687138409168
2022-02-14,0.06815964461186451
2022-02-15,1.1677605565774831
2022-02-16,-0.8472243059137828
2022-02-17,0.2128515637276235
2022-02-18,0.9359486868946993
2022-02-19,0.11307129260311757
2022-02-20,0.007898115532730704
2022-02-21,-0.6928767227979934
2022-02-22,0.24737366852291046
2022-02-23,-0.41103475035729786
2022-02-24,0.6270039899432175
2022-02-25,-0.8492966687616936
2022-02-26,-0.32353899880799625
2022-02-27,-0.5173472885927757
2022-02-28,1.1927362702112458
2022-03-01,-1.9446301199300189
2022-03-02,1.3766376583539932
2022-03-03,-0.5871217172378936
2022-03-04,3.052780833753067
2022-03-05,-0.888341802336149
2022-03-06,-1.842023795284723
2022-03-07,-1.0223720335984754
2022-03-08,-1.1742648795467234
2022-03-09,3.0433014399198557
2022-03-10,1.4779699536932205
2022-03-11,-0.8191858090676776
2022-03-12,-1.9181772799648324
2022-03-13,-0.40958037208070963
2022-03-14,1.0789929441571897
2022-03-15,1.3455698081869114
2022-03-16,-1.9414375366768999
2022-03-17,1.2018530765257813
2022-03-18,0.08483804807506184
2022-03-19,0.03436744825384356
2022-03-20,-0.8341599255356675
2022-03-21,1.4719343351801482
2022-03-22,-1.2952815234893587
2022-03-23,-0.9949795560362976
2022-03-24,-0.3480843131422854
2022-03-25,0.21176602171095577
2022-03-26,2.055782497046434
2022-03-27,-2.237369608916909
2022-03-28,2.4519081606962776
2022-03-29,-2.255182782655255
2022-03-30,0.8274615435047937
2022-03-31,-1.221300486323864
2022-04-01,1.9641223344298224
2022-04-02,0.9750467848763772
2022-04-03,-0.7832082801627875
2022-04-04,-1.4346899443161862
2022-04-05,-0.5728791803034605
2022-04-06,0.17017067996328192
2022-04-07,1.188281903432083
2022-04-08,-0.8183162263614301
2022-04-09,1.4633689696831038
2022-04-10,1.0998869241471938
2022-04-11,-0.49787122587815646
2022-04-12,-0.5134878392158102
2022-04-13,-0.4001121157209465
2022-04-14,-0.4713236578562582
2022-04-15,-1.7793034476810747
2022-04-16,0.6082789070814424
2022-04-17,0.7409362137063888
2022-04-18,0.5810891657881753
2022-04-19,-0.08505178825361612
2022-04-20,-2.2249248095422827
2022-04-21,1.261688929809962
2022-04-22,1.6435020409475192
2022-04-23,-0.11452410820165934
2022-04-24,-1.1897316650447272
2022-04-25,1.5783700103056124
2022-04-26,0.898827155104601
2022-04-27,-2.559207884274321
2022-04-28,-1.1752235870830334
2022-04-29,1.0836194771656003
2022-04-30,2.51754021222951
2022-05-01,-2.219482497600227
2022-05-02,-0.6913393944339775
2022-05-03,-0.6276275001176623
2022-05-04,2.332266991082421
2022-05-05,-0.0359366264756583
2022-05-06,-2.209017576471096
2022-05-07,0.8469118332216797
2022-05-08,0.7789210495114973
2022-05-09,1.9898525893640522
2022-05-10,-1.1516911097072517
2022-05-11,-1.8457378440409746
2022-05-12,-0.6901970330342609
2022-05-13,2.0886450237781684
2022-05-14,0.5390483943119949
2022-05-15,-1.3815768251858087
2022-05-16,-1.5276439759138785
2022-05-17,2.620624527754873
2022-05-18,0.18187252047852195
2022-05-19,0.6320999256625425
2022-05-20,-1.3802412631444108
2022-05-21,-0.6060494549333225
2022-05-22,-1.0750028480736928
2022-05-23,0.5816215693892103
2022-05-24,0.6540738434260964
2022-05-25,0.5504873493536461
2022-05-26,-0.9292898382321101
2022-05-27,-0.3303805283506252
2022-05-28,-0.8615660673012532
2022-05-29,2.4049610582975216
2022-05-30,0.43822528714612174
2022-05-31,0.05010631748797947
2022-06-01,-1.7778376595887329
2022-06-02,-1.3426046433001717
2022-06-03,2.025546126985345
2022-06-04,1.1277031314298125
2022-06-05,-1.3336067276033836
2022-06-06,-0.3222403223315341
2022-06-07,-0.11928467838787157
2022-06-08,-1.3887525204629574
2022-06-09,2.602535278472116
2022-06-10,1.57376943814384
2022-06-11,-1.6200416054619058
2022-06-12,-1.600326206264649
2022-06-13,0.16145608064094985
2022-06-14,-1.9262339139194902
2022-06-15,2.265766843159711
2022-06-16,-1.2136444339748864
2022-06-17,1.5470916238180605
2022-06-18,1.000115572094246
2022-06-19,-1.2189045193613046
2022-06-20,1.2511656956700858
2022-06-21,-0.9022880172439125
2022-06-22,1.3224303487701343
2022-06-23,-0.5494238593236264
2022-06-24,-1.2596988448683974
2022-06-25,0.9853126532698521
2022-06-26,-1.9026872010471456
2022-06-27,0.08767918276267449
2022-06-28,0.2510539318829563
2022-06-29,2.9777172111257864
2022-06-30,-2.108825515291551
2022-07-01,1.2941902732860255
2022-07-02,-1.6755351865732055
2022-07-03,0.03770098807691172
2022-07-04,-0.5119743970659728
2022-07-05,2.850114725195474
2022-07-06,-1.2513972334360082
2022-07-07,-1.1032172919627088
2022-07-08,0.4222438469416671
2022-07-09,-0.2664707071329662
2022-07-10,-0.7724218172557562
2022-07-11,0.8765703550100495
2022-07-12,-1.1125291246168993
2022-07-13,2.410471841800466
2022-07-14,-1.7346560747598632
2022-07-15,0.4837302057318224
2022-07-16,0.6471405140262202
2022-07-17,-0.4802528126058496
2022-07-18,-1.3600460776649004
2022-07-19,2.2773084609660463
2022-07-20,-1.2408555503477592
2022-07-21,-0.6849312559267576
2022-07-22,1.7906262027602422
2022-07-23,-2.0618250639713827
2022-07-24,1.904533293514097
2022-07-25,-1.9295925729543444
2022-07-26,2.40227788637761
2022-07-27,-0.5559965864812274
2022-07-28,0.49794792208920147
2022-07-29,-0.6917710902853373
2022-07-30,0.004541968679697174
2022-07-31,-1.4864552078515934
2022-08-01,-1.0044881696775607
2022-08-02,1.7568036807740404
2022-08-03,2.2723855929387833
2022-08-04,-1.673291841167108
2022-08-05,-2.4746314730848713
2022-08-06,0.5354794478774504
2022-08-07,1.828236604907813
2022-08-08,1.7306008433170743
2022-08-09,-0.18455639137273125
2022-08-10,-1.3995957814882507
2022-08-11,0.03253109333857487
2022-08-12,0.5596997860748145
2022-08-13,-0.6122556912929998
2022-08-14,-0.8941083468653181
2022-08-15,-1.1604554851031312
2022-08-16,0.9185946563522682
2022-08-17,1.847117400721026
2022-08-18,-0.41045735006582784
2022-08-19,2.135050219098394
2022-08-20,-1.4648770510296731
2022-08-21,-1.6431013803859733
2022-08-22,-0.5655118143561454
2022-08-23,2.344211602636249
2022-08-24,-1.2105707361414693
2022-08-25,-0.05955469323961347
2022-08-26,-0.4948545986235631
2022-08-27,0.46539373457861294
2022-08-28,-0.5489749418092862
2022-08-29,-0.7226208833100104
2022-08-30,1.0853587491595382
2022-08-31,0.03297219220370903
2022-09-01,0.0988563496113867
2022-09-02,0.29888637519183286
2022-09-03,-0.38748443541641714
2022-09-04,2.1308062308235645
2022-09-05,-0.9547761474440181
2022-09-06,-0.14938567521198196
2022-09-07,-2.622654798443249
2022-09-08,0.7425497717064485
2022-09-09,0.9956461548389994
2022-09-10,2.6824023942259823
2022-09-11,-0.8983185610377993
2022-09-12,-0.8966500010611357
2022-09-13,-1.7374379881726094
2022-09-14,-1.2769251115334006
2022-09-15,1.5516722310963387
2022-09-16,0.9275400390076298
2022-09-17,1.5110809216618517
2022-09-18,-1.768370812344488
2022-09-19,-0.7671737343031596
2022-09-20,2.4792493080785425
2022-09-21,-1.4387952511423938
2022-09-22,1.377764617568735
2022-09-23,-0.7814903040492653
2022-09-24,-0.3266541938938719
2022-09-25,-0.5027778993226255
2022-09-26,-0.49002094326526746
2022-09-27,0.5094658884056846
2022-09-28,-1.6340074302555996
2022-09-29,0.522071508359181
2022-09-30,1.1307517238287572
2022-10-01,0.8829211722762632
2022-10-02,-1.2862011975890246
2022-10-03,-0.5153577649237165
2022-10-04,1.1071593172171879
2022-10-05,1.1185280157890896
2022-10-06,0.8718660282965215
2022-10-07,-2.3523468090288393
2022-10-08,1.0516346430592318
2022-10-09,-1.346189259802559
2022-10-10,0.22937960707167504
2022-10-11,0.8815571567024341
2022-10-12,-2.1219798882691725
2022-10-13,1.6945133686876857
2022-10-14,1.0022423780374707
2022-10-15,2.2679630046964343
2022-10-16,-2.4600213351694666
2022-10-17,-1.5130692086871949
2022-10-18,-0.5430400282950822
2022-10-19,0.5956323383780396
2022-10-20,0.10483232247724864
2022-10-21,-0.729984603296687
2022-10-22,1.1332542282909028
2022-10-23,0.05189391064273055
2022-10-24,1.4341082004666785
2022-10-25,1.05616990021987
2022-10-26,-0.7068268772484875
2022-10-27,-2.566413702055117
2022-10-28,0.506557618972691
2022-10-29,1.2503657674103803
2022-10-30,-0.8526497976617498
2022-10-31,0.03701537583882396
2022-11-01,0.20608028426761307
2022-11-02,1.5999582061434419
2022-11-03,-1.3782270118286009
2022-11-04,-1.6094927602284501
2022-11-05,0.3300815093856368
2022-11-06,-0.21074964804301485
2022-11-07,2.04471221057899
2022-11-08,0.7008894095548461
2022-11-09,-0.4130726425008494
2022-11-10,-1.0596081972259286
2022-11-11,-0.5216468276524127
2022-11-12,2.819869926637055
2022-11-13,-1.1534764361778775
2022-11-14,-1.8393492151656292
2022-11-15,-1.6327983524110303
2022-11-16,1.241564924266151
2022-11-17,1.8352147786966795
2022-11-18,2.52758705547196
2022-11-19,-1.9731457701495134
2022-11-20,-1.6462394226530697
2022-11-21,-1.955335369976925
2022-11-22,1.8005526927200313
2022-11-23,-0.664764826090482
2022-11-24,2.644819079993722
2022-11-25,-1.1090692629357137
2022-11-26,0.29964422887236813
2022-11-27,-2.5225570252005642
2022-11-28,1.0882073018643834
2022-11-29,1.3274521532338204
2022-11-30,1.3459986321691852
2022-12-01,-1.09764835356321
2022-12-02,-0.09102891857680523
2022-12-03,0.7757159146926763
2022-12-04,-0.7359279863507686
2022-12-05,-1.1862310087142194
2022-12-06,0.5664121773985675
2022-12-07,-0.4125195485783725
2022-12-08,-0.301643594076319
2022-12-09,-0.7520625283967861
2022-12-10,2.638098310762687
2022-12-11,-0.6383258740069968
2022-12-12,-1.055868702435507
2022-12-13,1.369452598649338
2022-12-14,-0.9125842464365225
2022-12-15,-1.577886946940646
2022-12-16,0.9352343179608751
2022-12-17,2.4849036123905472
2022-12-18,-0.6600431382677832
2022-12-19,-1.8064157095763451
2022-12-20,-1.3002863309145392
2022-12-21,2.304521040413591
2022-12-22,-0.2495722457778927
2022-12-23,0.48362516413940976
2022-12-24,-0.31340365028901723
2022-12-25,0.15166097593168162
2022-12-26,-0.14941519834578132
2022-12-27,0.6775288877155594
2022-12-28,0.6040728568614792
2022-12-29,
2022-12-30,
2022-12-31,
