date,trend
2018-01-01,
2018-01-02,
2018-01-03,
2018-01-04,42.1922330934918
2018-01-05,41.56233445190616
2018-01-06,41.41851360990673
2018-01-07,40.85838415841457
2018-01-08,40.117701661353045
2018-01-09,40.36523479144732
2018-01-10,40.69140906756625
2018-01-11,40.50864109711071
2018-01-12,40.50301106395889
2018-01-13,40.345972865338126
2018-01-14,39.85837191514188
2018-01-15,39.97987522957061
2018-01-16,39.84073589632537
2018-01-17,39.57334316087614
2018-01-18,38.97834912104874
2018-01-19,38.729968336508044
2018-01-20,38.84925360512391
2018-01-21,38.91623381553932
2018-01-22,38.567330841095526
2018-01-23,38.23300030888747
2018-01-24,37.54352009462555
2018-01-25,37.56072471915765
2018-01-26,37.23623002401984
2018-01-27,36.70147668468012
2018-01-28,36.225854272863835
2018-01-29,36.1903523443209
2018-01-30,35.60259042011998
2018-01-31,35.52642575320503
2018-02-01,34.748377632322764
2018-02-02,34.233896211068924
2018-02-03,34.33450768917016
2018-02-04,33.89151616617116
2018-02-05,33.63289784497776
2018-02-06,33.48138342692495
2018-02-07,33.43409814252289
2018-02-08,33.2254494145762
2018-02-09,33.282840448736415
2018-02-10,33.08545126600153
2018-02-11,32.924956684377435
2018-02-12,32.32905099597405
2018-02-13,32.47197668626812
2018-02-14,31.934986387660516
2018-02-15,31.808738528092732
2018-02-16,31.64334742387612
2018-02-17,30.98622168517044
2018-02-18,31.21637068304391
2018-02-19,30.865762312627105
2018-02-20,30.163626251316167
2018-02-21,29.967156802128972
2018-02-22,30.42583515309038
2018-02-23,30.403595834535807
2018-02-24,30.510372611213064
2018-02-25,30.563644623087576
2018-02-26,30.980443257571014
2018-02-27,30.741957951916127
2018-02-28,31.054584785934786
2018-03-01,30.67617644230818
2018-03-02,29.967485323798797
2018-03-03,29.56064910696641
2018-03-04,29.23383923587477
2018-03-05,28.940900254176274
2018-03-06,29.274733892580866
2018-03-07,28.983941264338533
2018-03-08,28.446999975567664
2018-03-09,28.810925139007175
2018-03-10,28.622418026176778
2018-03-11,28.06216170905983
2018-03-12,28.118144651433408
2018-03-13,27.645055645658182
2018-03-14,27.640553581475224
2018-03-15,27.848716444193563
2018-03-16,27.62319483019585
2018-03-17,27.520254599826767
2018-03-18,28.139451664547366
2018-03-19,27.876444097687862
2018-03-20,28.233343527185774
2018-03-21,28.20519378911012
2018-03-22,28.464695317555154
2018-03-23,28.62067404355471
2018-03-24,29.05577733687864
2018-03-25,28.45033230452645
2018-03-26,28.33830140314133
2018-03-27,28.322618927342447
2018-03-28,28.002595703835674
2018-03-29,27.46006481533804
2018-03-30,27.280939281412646
2018-03-31,27.374044506893682
2018-04-01,27.823791701380284
2018-04-02,27.67291688088195
2018-04-03,27.550259055158577
2018-04-04,27.784510379909495
2018-04-05,27.868225430000123
2018-04-06,28.15218667487824
2018-04-07,27.704743118366256
2018-04-08,27.33706326432865
2018-04-09,27.407127104935007
2018-04-10,27.59673689595233
2018-04-11,27.291996530890973
2018-04-12,27.777268358222546
2018-04-13,27.6771082094428
2018-04-14,27.59746893074913
2018-04-15,27.92612250881397
2018-04-16,27.9629144223995
2018-04-17,28.071429302567836
2018-04-18,28.12849063126298
2018-04-19,28.226874477437566
2018-04-20,27.880183985774103
2018-04-21,28.220696668694565
2018-04-22,28.041519921976484
2018-04-23,28.503502788552993
2018-04-24,28.461028772718954
2018-04-25,28.52231427493125
2018-04-26,28.61605057198313
2018-04-27,29.16579742706355
2018-04-28,29.18860318537954
2018-04-29,29.25970016879261
2018-04-30,28.85187970663087
2018-05-01,29.229945904623484
2018-05-02,29.352538065174926
2018-05-03,29.538352724595953
2018-05-04,29.21176416271542
2018-05-05,29.194824741482634
2018-05-06,29.72193077900612
2018-05-07,30.0730073639866
2018-05-08,29.8315810771062
2018-05-09,30.20735874217605
2018-05-10,30.219035571544715
2018-05-11,30.460211366136853
2018-05-12,30.65107630215486
2018-05-13,30.54421585473641
2018-05-14,30.845270879888734
2018-05-15,30.718090501604234
2018-05-16,30.760965273725276
2018-05-17,30.51848018120004
2018-05-18,31.151794695424424
2018-05-19,31.80734800084677
2018-05-20,32.42752160924462
2018-05-21,32.44268995973694
2018-05-22,32.91689751319842
2018-05-23,33.55887088606657
2018-05-24,33.696954877879136
2018-05-25,33.99077543037556
2018-05-26,33.81555295779485
2018-05-27,33.37483231787566
2018-05-28,34.03171901775836
2018-05-29,34.65677793164337
2018-05-30,34.91661276501498
2018-05-31,35.60175666949867
2018-06-01,35.62038909760912
2018-06-02,36.26483836542516
2018-06-03,36.8889399083852
2018-06-04,36.855028933708724
2018-06-05,36.81524369451918
2018-06-06,36.87907986879094
2018-06-07,36.7132456002576
2018-06-08,37.06098313649778
2018-06-09,37.284882041543696
2018-06-10,37.17262143403519
2018-06-11,37.18439563904999
2018-06-12,37.68637713010847
2018-06-13,37.826069140753646
2018-06-14,38.25674287280879
2018-06-15,38.30602329837143
2018-06-16,38.65907377079353
2018-06-17,39.52126126780273
2018-06-18,39.944015266913745
2018-06-19,40.19199827987089
2018-06-20,40.6777348607368
2018-06-21,41.1229575129835
2018-06-22,41.148886006814635
2018-06-23,40.7567462481599
2018-06-24,40.62736334866183
2018-06-25,40.66392284685621
2018-06-26,40.538730443627465
2018-06-27,40.20160134821586
2018-06-28,40.1529256831835
2018-06-29,40.661814302083584
2018-06-30,40.98470528013382
2018-07-01,41.575278972223906
2018-07-02,42.44979939205999
2018-07-03,42.96521102826861
2018-07-04,43.835462222521
2018-07-05,44.52214481861838
2018-07-06,44.74912828721624
2018-07-07,45.312262001846385
2018-07-08,45.071850411853255
2018-07-09,44.67849308506724
2018-07-10,44.90412663719378
2018-07-11,45.1737679538212
2018-07-12,44.98668864545332
2018-07-13,45.19117413075662
2018-07-14,45.61933629215473
2018-07-15,45.75808382704345
2018-07-16,45.98913309528144
2018-07-17,45.94970816525695
2018-07-18,45.747145143693295
2018-07-19,45.829682504150945
2018-07-20,46.01603261559586
2018-07-21,46.26121297982229
2018-07-22,46.75277121382495
2018-07-23,47.51520139672612
2018-07-24,47.81745598217094
2018-07-25,48.068971145585394
2018-07-26,48.80569195236803
2018-07-27,48.83382234908159
2018-07-28,49.02921042524665
2018-07-29,49.48570710325651
2018-07-30,49.46498702464321
2018-07-31,49.57188436693085
2018-08-01,50.29298587982702
2018-08-02,50.53758340528736
2018-08-03,50.75014131920237
2018-08-04,50.98724411015511
2018-08-05,51.26886215324083
2018-08-06,51.613986305854674
2018-08-07,51.69889439390732
2018-08-08,51.64444322538314
2018-08-09,51.60113820665995
2018-08-10,51.999767545592526
2018-08-11,52.03101013898049
2018-08-12,51.93019860356115
2018-08-13,52.106929789929744
2018-08-14,52.60124058430823
2018-08-15,52.4310583772202
2018-08-16,52.77199400616347
2018-08-17,52.68551586344188
2018-08-18,53.071079638345786
2018-08-19,53.23548436187275
2018-08-20,53.263578395648565
2018-08-21,53.16283430851867
2018-08-22,53.32890836600175
2018-08-23,53.11065355155971
2018-08-24,53.686390790033705
2018-08-25,53.61842361038759
2018-08-26,53.85310148250494
2018-08-27,54.09467252248949
2018-08-28,54.77857510533154
2018-08-29,55.4755906038911
2018-08-30,55.765302065697135
2018-08-31,55.92046209253651
2018-09-01,55.686742515012604
2018-09-02,55.58753424707882
2018-09-03,55.37586336463912
2018-09-04,55.27200789167734
2018-09-05,55.02795135859634
2018-09-06,55.525387145633744
2018-09-07,55.63185903379963
2018-09-08,55.88731679515841
2018-09-09,56.07755466734831
2018-09-10,56.703997439190445
2018-09-11,56.785985864780805
2018-09-12,56.70556936882139
2018-09-13,56.547850496429085
2018-09-14,56.36849983960705
2018-09-15,56.89109035568312
2018-09-16,57.03503932395344
2018-09-17,56.58320433828845
2018-09-18,56.25008865366759
2018-09-19,56.87960850502237
2018-09-20,57.16748903949428
2018-09-21,57.466560693276314
2018-09-22,57.23381048697115
2018-09-23,57.50179492160924
2018-09-24,57.81200881122025
2018-09-25,58.03402066373256
2018-09-26,57.621460728554396
2018-09-27,57.6615684134275
2018-09-28,57.69508094618344
2018-09-29,57.375617210042286
2018-09-30,57.36058216855455
2018-10-01,57.66329398851984
2018-10-02,57.71512973157555
2018-10-03,57.47816131062193
2018-10-04,57.10179250265638
2018-10-05,56.92069221260754
2018-10-06,57.139921225961544
2018-10-07,56.734598015926025
2018-10-08,56.19683547915639
2018-10-09,56.3934566238083
2018-10-10,56.48563154044577
2018-10-11,56.514901403150134
2018-10-12,56.43357989994711
2018-10-13,56.12446779142409
2018-10-14,56.465511721272776
2018-10-15,56.70207410704151
2018-10-16,56.58645662152817
2018-10-17,56.48768713519788
2018-10-18,56.62202439973763
2018-10-19,56.59473028340328
2018-10-20,57.13808829805553
2018-10-21,56.65724650124237
2018-10-22,56.75370420158619
2018-10-23,56.384765470875884
2018-10-24,56.70437635654325
2018-10-25,56.13323736831575
2018-10-26,56.123822019513746
2018-10-27,55.76173482792448
2018-10-28,56.172975999633024
2018-10-29,55.55664590462662
2018-10-30,55.85358243911519
2018-10-31,55.32944049489489
2018-11-01,55.79943147753032
2018-11-02,55.52937858566928
2018-11-03,55.61184489055001
2018-11-04,55.03216244347236
2018-11-05,54.84542336148809
2018-11-06,54.257856630485705
2018-11-07,54.42047520982594
2018-11-08,53.67651866053752
2018-11-09,53.31069525116363
2018-11-10,52.83500640997174
2018-11-11,53.16258565036292
2018-11-12,53.57435259229166
2018-11-13,53.555203756010506
2018-11-14,53.08594987891848
2018-11-15,53.234075542215045
2018-11-16,53.15996270894313
2018-11-17,53.241998336833134
2018-11-18,52.805952884494396
2018-11-19,52.47224444918974
2018-11-20,52.455298401021125
2018-11-21,52.255817159505334
2018-11-22,51.690088437836806
2018-11-23,51.397226599493855
2018-11-24,51.13498249586407
2018-11-25,51.03329085190563
2018-11-26,50.53328767856648
2018-11-27,50.09294547388616
2018-11-28,49.92066554278768
2018-11-29,50.193637604392976
2018-11-30,50.31523652165723
2018-12-01,50.022778267639865
2018-12-02,49.312293808762334
2018-12-03,49.16148692929675
2018-12-04,49.399678142783735
2018-12-05,49.63346829262064
2018-12-06,49.30682723266712
2018-12-07,48.897762796089424
2018-12-08,48.527373162313054
2018-12-09,48.23764517073809
2018-12-10,48.315747016283694
2018-12-11,47.86051267606858
2018-12-12,47.48307365175654
2018-12-13,47.16092605882412
2018-12-14,47.29844006163934
2018-12-15,47.32441418017724
2018-12-16,47.36683903898784
2018-12-17,47.0936166794006
2018-12-18,46.47476263971603
2018-12-19,45.75157155665178
2018-12-20,45.43560591101625
2018-12-21,44.65983612446455
2018-12-22,44.186151356813475
2018-12-23,44.237281105412876
2018-12-24,43.79307524865931
2018-12-25,43.8866707636538
2018-12-26,43.8925642389901
2018-12-27,43.71197384704892
2018-12-28,43.966041537669796
2018-12-29,43.6684726106491
2018-12-30,43.400637578227546
2018-12-31,43.302889664414984
2019-01-01,42.96354082814206
2019-01-02,42.59841402731591
2019-01-03,42.654747944854535
2019-01-04,41.980025598715045
2019-01-05,42.01179631913978
2019-01-06,41.869672474446695
2019-01-07,41.647794555860855
2019-01-08,41.42520225515035
2019-01-09,41.27878742070902
2019-01-10,40.90575369848541
2019-01-11,41.00529196317402
2019-01-12,40.24448686176857
2019-01-13,39.88882529976515
2019-01-14,39.116255623756
2019-01-15,38.771726001003394
2019-01-16,38.63290411463126
2019-01-17,38.45592341755209
2019-01-18,37.78268076482678
2019-01-19,37.7580877536261
2019-01-20,37.27278926443053
2019-01-21,37.2376590723212
2019-01-22,37.19727173110604
2019-01-23,36.677613152553434
2019-01-24,35.96902415060991
2019-01-25,35.81555227307063
2019-01-26,35.56511547611059
2019-01-27,35.226912147490886
2019-01-28,34.871233344224514
2019-01-29,34.50209192167936
2019-01-30,34.445496840266856
2019-01-31,34.41486153346341
2019-02-01,34.40998413938321
2019-02-02,33.99202919954396
2019-02-03,34.17336798303002
2019-02-04,34.008444466766456
2019-02-05,33.682659916670715
2019-02-06,33.465096978228544
2019-02-07,33.44484677885732
2019-02-08,33.0128551871027
2019-02-09,33.44372776443478
2019-02-10,33.06247574053396
2019-02-11,33.10789112508042
2019-02-12,32.82707647567655
2019-02-13,32.649231003580624
2019-02-14,32.49717796378004
2019-02-15,32.1412773801802
2019-02-16,31.67098968694364
2019-02-17,31.04371934235347
2019-02-18,30.791912086078565
2019-02-19,30.46471863851844
2019-02-20,30.528884952198457
2019-02-21,30.02741918056907
2019-02-22,30.497421732266243
2019-02-23,30.258000091243836
2019-02-24,30.565072511489902
2019-02-25,30.43978829485103
2019-02-26,30.510424557982176
2019-02-27,29.8386547294037
2019-02-28,29.927236044764864
2019-03-01,29.84952443482709
2019-03-02,29.66346227000399
2019-03-03,29.18230509742554
2019-03-04,29.188405667099698
2019-03-05,28.84612758465316
2019-03-06,28.79769233941834
2019-03-07,28.765935035260494
2019-03-08,28.242091344576323
2019-03-09,28.056785910187163
2019-03-10,28.40497225492337
2019-03-11,28.06166719449321
2019-03-12,28.050221592164984
2019-03-13,28.257054600858474
2019-03-14,28.08336325231342
2019-03-15,27.82959294391242
2019-03-16,28.250629966410386
2019-03-17,27.984800857718195
2019-03-18,28.279575526506143
2019-03-19,28.599973529706055
2019-03-20,28.482840558402447
2019-03-21,28.585479418531385
2019-03-22,28.930018242506183
2019-03-23,28.507267430207186
2019-03-24,28.201134107684446
2019-03-25,28.253161379512758
2019-03-26,27.832170813411423
2019-03-27,27.71267252776142
2019-03-28,27.478780200968547
2019-03-29,27.429679776501445
2019-03-30,27.590169208713093
2019-03-31,27.661023384446185
2019-04-01,27.194512307910085
2019-04-02,27.53532206342451
2019-04-03,27.603575862554813
2019-04-04,27.665187523328772
2019-04-05,27.81119014474658
2019-04-06,27.74589165718583
2019-04-07,27.877931372119694
2019-04-08,27.81653349453963
2019-04-09,28.08433592052569
2019-04-10,28.368863248297604
2019-04-11,28.506023016079943
2019-04-12,28.147902855630072
2019-04-13,27.926797559593236
2019-04-14,27.719203276044663
2019-04-15,28.22469323820236
2019-04-16,28.267351668154166
2019-04-17,27.83511031755639
2019-04-18,27.484040744232214
2019-04-19,27.352343399614675
2019-04-20,27.299935559218557
2019-04-21,27.956913040188986
2019-04-22,28.034477725735112
2019-04-23,27.692057694672123
2019-04-24,28.035787556339894
2019-04-25,28.02728072791675
2019-04-26,28.76972692096036
2019-04-27,29.059701514359592
2019-04-28,28.695310279621758
2019-04-29,28.880269763795493
2019-04-30,29.26557951102513
2019-05-01,29.59817481067747
2019-05-02,29.812549034175753
2019-05-03,29.75061567220847
2019-05-04,29.85360394022696
2019-05-05,30.514734792433405
2019-05-06,30.643041066022278
2019-05-07,30.992830403677083
2019-05-08,30.86213113172665
2019-05-09,30.921620028555335
2019-05-10,30.662643856408017
2019-05-11,30.881841952455716
2019-05-12,30.377656429773047
2019-05-13,30.33080510502627
2019-05-14,30.30874928979966
2019-05-15,30.25119489647196
2019-05-16,30.945752298689207
2019-05-17,31.59670598892908
2019-05-18,31.76961641011329
2019-05-19,32.244105233753054
2019-05-20,32.05688955820036
2019-05-21,31.95844265006619
2019-05-22,32.571852027252646
2019-05-23,32.73649190412852
2019-05-24,32.62710718472077
2019-05-25,33.101400290421786
2019-05-26,33.29377570831455
2019-05-27,33.766215022394434
2019-05-28,34.25434498864651
2019-05-29,34.328157538443335
2019-05-30,34.15009539795686
2019-05-31,34.77301599913902
2019-06-01,34.90851703272055
2019-06-02,34.8484633538971
2019-06-03,35.04198147223177
2019-06-04,34.83065778263328
2019-06-05,34.79760587832064
2019-06-06,35.155243942667646
2019-06-07,35.44647010076142
2019-06-08,35.82604971526041
2019-06-09,36.06890264373572
2019-06-10,36.27790039603255
2019-06-11,36.8664367298738
2019-06-12,37.76752557626144
2019-06-13,38.47261980145934
2019-06-14,38.6005855778509
2019-06-15,38.388581749868166
2019-06-16,39.127226163632734
2019-06-17,39.33119397176527
2019-06-18,39.53405895336696
2019-06-19,39.39350546143771
2019-06-20,39.6075674685156
2019-06-21,39.79243632486315
2019-06-22,40.09144009461257
2019-06-23,40.296632450581306
2019-06-24,40.52479726461456
2019-06-25,40.935883398784995
2019-06-26,41.04071621810777
2019-06-27,40.997379831418996
2019-06-28,41.13326577331145
2019-06-29,41.76243174200213
2019-06-30,42.21287467065055
2019-07-01,42.54288278998046
2019-07-02,42.701892524521995
2019-07-03,43.39738191914029
2019-07-04,43.955630214789046
2019-07-05,44.02903544470183
2019-07-06,44.251731554600575
2019-07-07,44.31471347228446
2019-07-08,44.45350161104568
2019-07-09,44.45508689839886
2019-07-10,44.765899318849854
2019-07-11,44.61932597105647
2019-07-12,45.31359880951661
2019-07-13,45.715880237504756
2019-07-14,45.80974065028373
2019-07-15,46.20824207418978
2019-07-16,46.535715191970006
2019-07-17,46.19068784382973
2019-07-18,46.52839152908906
2019-07-19,46.629261792707304
2019-07-20,46.48078999686901
2019-07-21,46.972284505875265
2019-07-22,47.616179152556256
2019-07-23,47.67489000708379
2019-07-24,48.305034549715806
2019-07-25,48.447276976269485
2019-07-26,48.528140954921525
2019-07-27,48.66248493712786
2019-07-28,48.742181755767945
2019-07-29,48.88973926302854
2019-07-30,49.08820732830172
2019-07-31,49.080969326163554
2019-08-01,49.63513425461057
2019-08-02,49.94061810359661
2019-08-03,50.22999534144698
2019-08-04,50.69073207064547
2019-08-05,50.997254074441614
2019-08-06,51.331559170033756
2019-08-07,51.53971946331291
2019-08-08,51.70249600515585
2019-08-09,52.08566140898026
2019-08-10,52.38658426322712
2019-08-11,52.38910334384938
2019-08-12,52.453748467557254
2019-08-13,53.15975334387974
2019-08-14,53.81400185465973
2019-08-15,54.171126579809126
2019-08-16,54.301715447187554
2019-08-17,54.24208588283069
2019-08-18,54.63036959665649
2019-08-19,54.58930086756144
2019-08-20,54.61408376734106
2019-08-21,54.53010673546294
2019-08-22,54.29611153607595
2019-08-23,54.48433499157364
2019-08-24,54.999923134749736
2019-08-25,54.77873499771236
2019-08-26,54.79571343688792
2019-08-27,54.93271791406082
2019-08-28,55.12674273277408
2019-08-29,55.51783539913118
2019-08-30,55.18068784410073
2019-08-31,55.22723013033744
2019-09-01,55.17316767172602
2019-09-02,55.65966585650273
2019-09-03,55.89181448536028
2019-09-04,55.667230867555254
2019-09-05,55.29525288707067
2019-09-06,55.56770583758746
2019-09-07,55.793909762149546
2019-09-08,56.417341776097494
2019-09-09,56.56694219295694
2019-09-10,56.345759961012234
2019-09-11,56.366164009182825
2019-09-12,56.83871627259995
2019-09-13,57.06072164275109
2019-09-14,57.038093239031255
2019-09-15,56.65282637464464
2019-09-16,56.521080396373904
2019-09-17,56.90156656529942
2019-09-18,57.295961529228116
2019-09-19,57.60328849146417
2019-09-20,57.427889123552156
2019-09-21,57.368916401359414
2019-09-22,57.490568503348044
2019-09-23,57.46208283142424
2019-09-24,56.942257248217544
2019-09-25,56.84545116228006
2019-09-26,56.58419442125013
2019-09-27,56.93445132871096
2019-09-28,57.23490665809661
2019-09-29,57.40073189243163
2019-09-30,57.49830140673746
2019-10-01,57.52955723346007
2019-10-02,57.40184018297009
2019-10-03,57.17263312866543
2019-10-04,56.73068276205002
2019-10-05,56.2958514319209
2019-10-06,56.52223413361187
2019-10-07,56.499170486611064
2019-10-08,57.05408126288976
2019-10-09,57.48231951088336
2019-10-10,57.664592350532416
2019-10-11,58.198716128734475
2019-10-12,58.673157452708544
2019-10-13,58.03506799016049
2019-10-14,57.60169840279472
2019-10-15,57.113116792378804
2019-10-16,56.61146675248129
2019-10-17,56.496631701630704
2019-10-18,56.251590222980774
2019-10-19,56.083003335643866
2019-10-20,56.42806998108012
2019-10-21,56.31679096686513
2019-10-22,56.40392517785882
2019-10-23,56.844062810527205
2019-10-24,56.573434984744246
2019-10-25,56.32528489906404
2019-10-26,55.78517892559194
2019-10-27,55.767187834344796
2019-10-28,55.84247064989866
2019-10-29,55.67833605285809
2019-10-30,54.89224535061992
2019-10-31,55.27148275837284
2019-11-01,55.417740103578154
2019-11-02,55.42997253122549
2019-11-03,54.91997455486923
2019-11-04,54.885146144838764
2019-11-05,55.016444140210886
2019-11-06,54.92513797015611
2019-11-07,54.50404932982414
2019-11-08,54.37227147129291
2019-11-09,54.25515313289589
2019-11-10,54.13062844530727
2019-11-11,53.832557032022
2019-11-12,53.721121589293
2019-11-13,53.935250921028135
2019-11-14,53.65270835632486
2019-11-15,53.29642352799923
2019-11-16,53.036737921519766
2019-11-17,52.88922020223322
2019-11-18,53.116293168341635
2019-11-19,52.449663802219106
2019-11-20,52.04713520901184
2019-11-21,52.226431139466584
2019-11-22,51.69686226747882
2019-11-23,51.352983403242476
2019-11-24,51.15573359639791
2019-11-25,50.523502583598415
2019-11-26,50.71155134692641
2019-11-27,50.73218227852262
2019-11-28,49.87052020246114
2019-11-29,50.11898977114149
2019-11-30,50.41613937327202
2019-12-01,50.36003980628985
2019-12-02,50.147926291274416
2019-12-03,49.315601854852865
2019-12-04,49.02133084832989
2019-12-05,48.86723039347216
2019-12-06,48.081041123097556
2019-12-07,47.29240800942771
2019-12-08,46.81453211119037
2019-12-09,46.895959736946025
2019-12-10,47.2604244814484
2019-12-11,46.8361971731944
2019-12-12,46.67623130959607
2019-12-13,47.08998937573645
2019-12-14,47.485710038800754
2019-12-15,47.39433680674996
2019-12-16,47.10014101875206
2019-12-17,46.89801064612938
2019-12-18,47.00198169181455
2019-12-19,47.08713606303058
2019-12-20,46.324669077180204
2019-12-21,45.82017014407256
2019-12-22,45.321433710252784
2019-12-23,44.78954129617033
2019-12-24,44.50163940813096
2019-12-25,44.255785844599316
2019-12-26,43.521588102519274
2019-12-27,43.282101020783806
2019-12-28,42.851289220764784
2019-12-29,43.077810559781405
2019-12-30,43.137840040580656
2019-12-31,42.98302829990343
2020-01-01,42.238399982590884
2020-01-02,41.99342707663233
2020-01-03,41.98448145720362
2020-01-04,42.17915085976903
2020-01-05,41.917033217621174
2020-01-06,41.8107440807052
2020-01-07,41.21497849771924
2020-01-08,41.54385207242047
2020-01-09,41.37766974405869
2020-01-10,41.28318788426547
2020-01-11,40.85205648517148
2020-01-12,40.07635579040056
2020-01-13,39.46838556471603
2020-01-14,38.93139433477442
2020-01-15,38.39941773066096
2020-01-16,38.64605889796381
2020-01-17,38.3106281264469
2020-01-18,37.8872534591255
2020-01-19,38.03913726401522
2020-01-20,37.67570582182279
2020-01-21,37.455996810818014
2020-01-22,36.92715626730028
2020-01-23,36.40956728944208
2020-01-24,36.22538278989476
2020-01-25,35.90249986937114
2020-01-26,35.49567981174036
2020-01-27,35.494392027298645
2020-01-28,35.17906818618638
2020-01-29,35.06169916466545
2020-01-30,35.123911728182655
2020-01-31,34.99620677628784
2020-02-01,34.65408753775247
2020-02-02,34.34979469326092
2020-02-03,34.31256713166366
2020-02-04,34.30765144613661
2020-02-05,34.066081744732706
2020-02-06,33.800860487021524
2020-02-07,33.467735280662595
2020-02-08,33.80223960424815
2020-02-09,33.759390606892616
2020-02-10,33.35137141860689
2020-02-11,33.4414001391895
2020-02-12,33.342430033736974
2020-02-13,32.75019910089495
2020-02-14,32.679759862753016
2020-02-15,32.18352573654015
2020-02-16,31.96031848320828
2020-02-17,31.887935682810124
2020-02-18,31.553762689215585
2020-02-19,31.459584664291622
2020-02-20,31.72106753769943
2020-02-21,31.34210025918129
2020-02-22,31.14910192253877
2020-02-23,31.34116943406041
2020-02-24,31.241054290205458
2020-02-25,31.30242211481139
2020-02-26,30.92944900069368
2020-02-27,30.444172796756963
2020-02-28,30.322912861897603
2020-02-29,30.07978287016554
2020-03-01,29.756567491145205
2020-03-02,29.66220195871772
2020-03-03,29.2995621189201
2020-03-04,29.673128249987997
2020-03-05,29.469963727008015
2020-03-06,29.395201873507265
2020-03-07,29.630495838701755
2020-03-08,29.583503810249887
2020-03-09,29.448607027449548
2020-03-10,29.719444848170504
2020-03-11,29.17170089445631
2020-03-12,29.42150675287147
2020-03-13,29.171705362351826
2020-03-14,28.990636040331445
2020-03-15,28.830680161427562
2020-03-16,28.473372682134617
2020-03-17,28.306381774521693
2020-03-18,28.527899346915774
2020-03-19,27.980578750365485
2020-03-20,28.339922111653177
2020-03-21,28.468412016807612
2020-03-22,28.26586996489841
2020-03-23,28.304558005184184
2020-03-24,27.90357059926113
2020-03-25,28.04221080893995
2020-03-26,28.586329934941446
2020-03-27,28.525431571270236
2020-03-28,28.1970898141695
2020-03-29,28.267538365067715
2020-03-30,28.154242372741884
2020-03-31,28.21902728102873
2020-04-01,27.720544571413086
2020-04-02,27.34714687832149
2020-04-03,26.70047353732676
2020-04-04,26.52069176790202
2020-04-05,26.621070359949336
2020-04-06,26.52279423799376
2020-04-07,26.541077593176407
2020-04-08,26.79299922492591
2020-04-09,26.883008423027704
2020-04-10,27.552464138053182
2020-04-11,27.782928406838437
2020-04-12,27.404451529812018
2020-04-13,27.78870636138958
2020-04-14,27.739674442854106
2020-04-15,27.991268152255994
2020-04-16,28.41735425172078
2020-04-17,27.868726623358576
2020-04-18,27.96472492067368
2020-04-19,28.167578189908703
2020-04-20,27.882646271315746
2020-04-21,27.83676318443841
2020-04-22,27.832475964697654
2020-04-23,27.63620470452492
2020-04-24,28.32390448316512
2020-04-25,28.6302016362731
2020-04-26,28.623493213680703
2020-04-27,29.228185282569935
2020-04-28,29.797093146243455
2020-04-29,29.717002150876272
2020-04-30,29.99432991896589
2020-05-01,30.052728762146
2020-05-02,30.090333165865843
2020-05-03,30.683965886297567
2020-05-04,30.729071248722537
2020-05-05,30.540982430864766
2020-05-06,30.85523602521579
2020-05-07,30.75582684574175
2020-05-08,30.4129559395261
2020-05-09,30.276300749823115
2020-05-10,29.94255584213782
2020-05-11,29.99734581402149
2020-05-12,30.557701316125083
2020-05-13,30.658308066440842
2020-05-14,30.865176700666712
2020-05-15,31.34039885078317
2020-05-16,31.973213834934132
2020-05-17,32.51151684676108
2020-05-18,33.01851031190089
2020-05-19,32.73280473174284
2020-05-20,32.94785778496698
2020-05-21,33.37112382600248
2020-05-22,33.92553619293678
2020-05-23,33.693581739796464
2020-05-24,33.67676037629435
2020-05-25,33.71488199084264
2020-05-26,33.91068705448857
2020-05-27,34.33563692795292
2020-05-28,34.42912764211314
2020-05-29,34.062318966346
2020-05-30,34.44466471183101
2020-05-31,35.0718505268496
2020-06-01,35.11647648973988
2020-06-02,35.82457235034648
2020-06-03,36.069703420553644
2020-06-04,36.47100689671008
2020-06-05,37.06815860532481
2020-06-06,37.45000955943227
2020-06-07,37.74782858800047
2020-06-08,38.325127503150746
2020-06-09,38.60808677109266
2020-06-10,38.35209536786081
2020-06-11,38.251797625565096
2020-06-12,38.35437428043511
2020-06-13,38.22982973590962
2020-06-14,38.472463310651825
2020-06-15,38.7280168700762
2020-06-16,38.943449329455355
2020-06-17,39.147645894409486
2020-06-18,39.70427865037674
2020-06-19,39.987111013728224
2020-06-20,40.626530119245274
2020-06-21,40.48018173213063
2020-06-22,40.620703560248025
2020-06-23,40.384529356783766
2020-06-24,40.81680356073975
2020-06-25,40.64667659486112
2020-06-26,41.18949606931493
2020-06-27,41.51758799143218
2020-06-28,41.79509610305968
2020-06-29,42.15650967224377
2020-06-30,42.69610273383552
2020-07-01,43.174745539544034
2020-07-02,43.417005493230704
2020-07-03,43.61053390619142
2020-07-04,43.47292795415519
2020-07-05,44.2234946995222
2020-07-06,44.29381820352842
2020-07-07,44.6691789532284
2020-07-08,44.80533869960342
2020-07-09,45.44085963711058
2020-07-10,45.73703314742104
2020-07-11,46.21532290874728
2020-07-12,46.14724330691751
2020-07-13,46.30490302287853
2020-07-14,46.62341288552979
2020-07-15,47.17344124372585
2020-07-16,47.602012431145745
2020-07-17,47.61114961818577
2020-07-18,47.72776919115225
2020-07-19,48.1092332706428
2020-07-20,48.485847513104915
2020-07-21,48.19180954645492
2020-07-22,48.34382945307841
2020-07-23,47.96089945203926
2020-07-24,48.399345491511376
2020-07-25,48.483514808908346
2020-07-26,48.200703509533426
2020-07-27,48.27596882903071
2020-07-28,49.01007446315003
2020-07-29,49.2140866145303
2020-07-30,49.46405218359888
2020-07-31,49.5667634483999
2020-08-01,49.796290022873706
2020-08-02,50.39831596189982
2020-08-03,50.80138368402972
2020-08-04,51.08705104558044
2020-08-05,50.96006471455934
2020-08-06,51.197221340613126
2020-08-07,51.09256070676814
2020-08-08,51.71969170263064
2020-08-09,51.73808619807623
2020-08-10,51.822924173428255
2020-08-11,51.59808512594026
2020-08-12,52.06282296520189
2020-08-13,52.787903588441054
2020-08-14,52.961008983757864
2020-08-15,53.17141091373111
2020-08-16,53.85457033329287
2020-08-17,53.97230909453948
2020-08-18,54.277659388508646
2020-08-19,54.28123846409739
2020-08-20,54.33838753567612
2020-08-21,54.875103448972354
2020-08-22,54.48346523693361
2020-08-23,54.629784478954065
2020-08-24,54.88859868451977
2020-08-25,55.19509765327924
2020-08-26,55.66440070442663
2020-08-27,55.95903968649535
2020-08-28,56.11101176730499
2020-08-29,56.24720195456061
2020-08-30,55.784741240812586
2020-08-31,55.841769971673344
2020-09-01,56.09449392865818
2020-09-02,56.26666922310534
2020-09-03,56.21147142863305
2020-09-04,56.348899989633885
2020-09-05,56.95441642066488
2020-09-06,57.49794698067135
2020-09-07,57.682392852034724
2020-09-08,57.64959915410135
2020-09-09,57.70935964303444
2020-09-10,57.66507758973913
2020-09-11,57.64947032657426
2020-09-12,57.526813411846966
2020-09-13,57.245191503735796
2020-09-14,56.853959136957656
2020-09-15,56.95591841656412
2020-09-16,56.687695892006964
2020-09-17,56.7332440570631
2020-09-18,56.36840455425684
2020-09-19,56.326432221596605
2020-09-20,56.38958341021085
2020-09-21,56.93646241710115
2020-09-22,57.13494100221696
2020-09-23,57.46812065799483
2020-09-24,57.81922991385541
2020-09-25,58.40737377755212
2020-09-26,58.41596463868008
2020-09-27,58.74391487804437
2020-09-28,58.65506968788489
2020-09-29,58.41886747140758
2020-09-30,57.95043046312148
2020-10-01,57.667727679452355
2020-10-02,57.12647677433196
2020-10-03,57.508602189264295
2020-10-04,57.471521252699844
2020-10-05,57.535930656100554
2020-10-06,57.53107069469537
2020-10-07,57.80489176821298
2020-10-08,57.8522266728985
2020-10-09,58.34956863746776
2020-10-10,58.025688922980095
2020-10-11,58.0955842511931
2020-10-12,58.15615110474509
2020-10-13,57.91893962171668
2020-10-14,58.134212484568835
2020-10-15,57.61402777939691
2020-10-16,57.14885722351584
2020-10-17,57.38406790285028
2020-10-18,56.74582917662248
2020-10-19,56.328803399748566
2020-10-20,56.03394230914914
2020-10-21,55.66791659554118
2020-10-22,55.70376510008185
2020-10-23,55.446919899918164
2020-10-24,55.006259660151514
2020-10-25,55.34621105260219
2020-10-26,55.483083762038326
2020-10-27,55.43551887538149
2020-10-28,54.99782994250357
2020-10-29,55.22272964754986
2020-10-30,55.16884620762289
2020-10-31,55.32809055630193
2020-11-01,54.74415735535263
2020-11-02,54.568317460587714
2020-11-03,54.67403019184972
2020-11-04,54.563007548634076
2020-11-05,54.490404689222245
2020-11-06,54.87242398311221
2020-11-07,54.43543550511791
2020-11-08,54.81900831076273
2020-11-09,54.500470646189555
2020-11-10,54.17406659574303
2020-11-11,53.98340141753674
2020-11-12,53.34549751955558
2020-11-13,52.74858775387499
2020-11-14,52.7676162091454
2020-11-15,52.57804487951793
2020-11-16,52.067499261852205
2020-11-17,51.94090335372437
2020-11-18,51.68046975579281
2020-11-19,51.57975973356917
2020-11-20,51.26495337945413
2020-11-21,51.267118132891284
2020-11-22,51.16708247940643
2020-11-23,51.136078867757824
2020-11-24,51.31221630130269
2020-11-25,51.65633999190737
2020-11-26,51.34581114968523
2020-11-27,51.641916081739204
2020-11-28,50.84155748471442
2020-11-29,50.447710506233165
2020-11-30,50.05293384481517
2020-12-01,49.29066395242921
2020-12-02,48.627492837588676
2020-12-03,48.93319182363545
2020-12-04,48.16752327200682
2020-12-05,48.30945704487784
2020-12-06,48.279744980226766
2020-12-07,48.27996001543665
2020-12-08,48.093459135269306
2020-12-09,47.80013539081865
2020-12-10,47.37988356084686
2020-12-11,47.65636396247163
2020-12-12,47.20002999434032
2020-12-13,46.9207861984984
2020-12-14,46.694738672434916
2020-12-15,46.74938300034962
2020-12-16,46.94314981897228
2020-12-17,46.52818387010448
2020-12-18,46.21368344330802
2020-12-19,46.08431387619343
2020-12-20,45.712868333599914
2020-12-21,45.24454410105683
2020-12-22,45.047708662215044
2020-12-23,44.710806481170955
2020-12-24,44.68341825926369
2020-12-25,44.380176358977764
2020-12-26,43.89714341820658
2020-12-27,43.765776479674805
2020-12-28,43.92722979013401
2020-12-29,43.88814528697674
2020-12-30,43.75105109475253
2020-12-31,43.19508026724844
2021-01-01,42.485109820572106
2021-01-02,42.644321052837824
2021-01-03,41.87320046606859
2021-01-04,41.24093403019498
2021-01-05,40.72931247029156
2021-01-06,40.09036884342719
2021-01-07,39.71789193716846
2021-01-08,40.04975634988894
2021-01-09,39.84677934267513
2021-01-10,40.13542747107619
2021-01-11,39.97133522302583
2021-01-12,39.89618432571794
2021-01-13,40.018514193074196
2021-01-14,39.880187337384264
2021-01-15,39.473586488663805
2021-01-16,39.19614471858681
2021-01-17,38.725738550930096
2021-01-18,38.6305454715101
2021-01-19,37.76756064208882
2021-01-20,37.674260914094354
2021-01-21,37.83879158554657
2021-01-22,37.816903640824954
2021-01-23,37.33321388396663
2021-01-24,37.20982808723969
2021-01-25,36.9728398828309
2021-01-26,37.43862707829481
2021-01-27,37.154736142431666
2021-01-28,36.6628416539394
2021-01-29,36.18593977625665
2021-01-30,36.31348632011123
2021-01-31,35.85418216606136
2021-02-01,35.944125232265506
2021-02-02,35.58002855871711
2021-02-03,35.05639829630596
2021-02-04,34.97226716757522
2021-02-05,34.40091087623729
2021-02-06,34.04104607187378
2021-02-07,34.20752885141307
2021-02-08,33.98258346101251
2021-02-09,33.74512124529044
2021-02-10,33.781651081100826
2021-02-11,33.813338030776315
2021-02-12,33.57903785764086
2021-02-13,32.86463149001214
2021-02-14,32.53694199061892
2021-02-15,32.42979495262926
2021-02-16,31.8669004034191
2021-02-17,31.711724482197837
2021-02-18,31.439414332847054
2021-02-19,31.672352623811246
2021-02-20,32.12571302474922
2021-02-21,31.956412039667605
2021-02-22,31.58591923471158
2021-02-23,31.572601933000502
2021-02-24,31.308966304165068
2021-02-25,30.95195579184513
2021-02-26,30.621964754005155
2021-02-27,30.104059389504776
2021-02-28,29.44815410591215
2021-03-01,29.105881772220613
2021-03-02,29.1067634554684
2021-03-03,28.659236299673204
2021-03-04,28.3850671897673
2021-03-05,28.570333083308807
2021-03-06,28.68670741696607
2021-03-07,28.897314331881468
2021-03-08,28.684223991738637
2021-03-09,28.245380635793822
2021-03-10,28.262065215612015
2021-03-11,28.619339634723012
2021-03-12,28.344492011666173
2021-03-13,28.260209316648567
2021-03-14,27.847888773220806
2021-03-15,27.677513153861412
2021-03-16,28.02665650900462
2021-03-17,28.14923754458094
2021-03-18,28.077981275640724
2021-03-19,27.996562904892144
2021-03-20,27.63071489641291
2021-03-21,27.573501536801842
2021-03-22,27.606737290390317
2021-03-23,27.548898598412556
2021-03-24,27.40210715182812
2021-03-25,26.684682596233955
2021-03-26,26.56098028234922
2021-03-27,26.773935496802462
2021-03-28,26.92317273398631
2021-03-29,27.340386936279863
2021-03-30,27.30118239573626
2021-03-31,27.17240060479617
2021-04-01,27.357067449352357
2021-04-02,27.514308022975293
2021-04-03,27.6696916235029
2021-04-04,27.809325826161913
2021-04-05,27.780442403915888
2021-04-06,27.867432088758058
2021-04-07,27.87293343286358
2021-04-08,28.062665485960306
2021-04-09,27.7935189064978
2021-04-10,27.458135395917395
2021-04-11,27.861570679256936
2021-04-12,27.991626194947248
2021-04-13,27.608562545237476
2021-04-14,27.930999236585954
2021-04-15,27.87835570605394
2021-04-16,28.496821026897962
2021-04-17,28.478306314329867
2021-04-18,28.10218656244372
2021-04-19,27.642579875055073
2021-04-20,27.884765453055152
2021-04-21,28.151408591517924
2021-04-22,28.105355549873615
2021-04-23,27.764767900874613
2021-04-24,28.027706486164213
2021-04-25,28.436975289994493
2021-04-26,28.795367182907526
2021-04-27,29.016317164469033
2021-04-28,29.028326688512635
2021-04-29,29.46669477740429
2021-04-30,29.534408114288276
2021-05-01,29.902886170367836
2021-05-02,29.907159680541337
2021-05-03,30.376392756100294
2021-05-04,30.850349582330843
2021-05-05,30.784517541913036
2021-05-06,30.72513716029512
2021-05-07,30.738007603882618
2021-05-08,30.469483158635178
2021-05-09,30.287210797237492
2021-05-10,29.826409955500772
2021-05-11,29.932493898450012
2021-05-12,30.402525474266582
2021-05-13,30.44516965064691
2021-05-14,30.880192507840782
2021-05-15,31.3885321871003
2021-05-16,31.544886424564307
2021-05-17,32.32213798389902
2021-05-18,32.29165170607681
2021-05-19,32.3460051283232
2021-05-20,32.862172830059784
2021-05-21,33.348336230260664
2021-05-22,33.24539098613849
2021-05-23,33.91450147570567
2021-05-24,34.031508405547214
2021-05-25,33.927172537501306
2021-05-26,33.7047140040952
2021-05-27,33.784621901948356
2021-05-28,33.82432250379163
2021-05-29,34.009924577009414
2021-05-30,34.17957940020024
2021-05-31,34.13195917412304
2021-06-01,34.73240569422084
2021-06-02,35.236549300452424
2021-06-03,35.5577610193531
2021-06-04,35.96104988645137
2021-06-05,36.22611719729451
2021-06-06,36.4306622490429
2021-06-07,36.76929573481162
2021-06-08,36.952267849577005
2021-06-09,36.853846123566875
2021-06-10,36.90082499863562
2021-06-11,36.769647563604735
2021-06-12,37.07015646574048
2021-06-13,36.877110828234386
2021-06-14,36.77763635937937
2021-06-15,37.00987075336652
2021-06-16,37.28371809179072
2021-06-17,37.634954823063126
2021-06-18,37.984425993158936
2021-06-19,38.601667579173636
2021-06-20,39.487957073431986
2021-06-21,39.6858413444736
2021-06-22,39.950536637573016
2021-06-23,40.549001932441875
2021-06-24,40.55242856771049
2021-06-25,40.8068583811656
2021-06-26,40.9287130274878
2021-06-27,41.1098058853789
2021-06-28,41.47771802933209
2021-06-29,41.48222558498105
2021-06-30,41.67314706659589
2021-07-01,42.31482297397696
2021-07-02,42.78676358431787
2021-07-03,42.98118310497515
2021-07-04,42.858801325114
2021-07-05,43.53225263400429
2021-07-06,43.875617340443
2021-07-07,44.06595763304844
2021-07-08,44.25516772754313
2021-07-09,44.46372519792985
2021-07-10,44.89272058593838
2021-07-11,45.237925700782974
2021-07-12,45.35992110102592
2021-07-13,45.718361695212735
2021-07-14,46.39031219084762
2021-07-15,46.540587241569696
2021-07-16,46.909040921576064
2021-07-17,46.93820363396353
2021-07-18,47.53694114991057
2021-07-19,47.85104709079959
2021-07-20,48.3272045730892
2021-07-21,48.242428342686864
2021-07-22,48.552616298282246
2021-07-23,48.66686691232135
2021-07-24,48.782716507583196
2021-07-25,48.4588025009369
2021-07-26,48.56760558878575
2021-07-27,48.59298787373315
2021-07-28,48.94103827786656
2021-07-29,49.467164623535844
2021-07-30,49.600739243914454
2021-07-31,50.17071202401989
2021-08-01,50.51212516219145
2021-08-02,51.0769068935569
2021-08-03,51.57691628037274
2021-08-04,51.808516515243994
2021-08-05,51.71120931952135
2021-08-06,51.97032061305359
2021-08-07,51.753364621140385
2021-08-08,52.16746247514522
2021-08-09,52.170205665090535
2021-08-10,51.8714687828668
2021-08-11,52.11511332225203
2021-08-12,52.59621323539035
2021-08-13,53.05763992988537
2021-08-14,53.17646531611463
2021-08-15,53.19184673780481
2021-08-16,53.13885423409373
2021-08-17,53.43024601047325
2021-08-18,53.50573307175291
2021-08-19,53.145556921621406
2021-08-20,52.95100745006128
2021-08-21,53.40998284427996
2021-08-22,53.51905232122224
2021-08-23,53.94402369268821
2021-08-24,54.43711580890373
2021-08-25,54.66704334448517
2021-08-26,55.17994782534164
2021-08-27,55.662283922174694
2021-08-28,55.884722960039895
2021-08-29,55.96213244349678
2021-08-30,55.87077902674717
2021-08-31,55.58300661470461
2021-09-01,55.26212723631082
2021-09-02,54.98742281525353
2021-09-03,54.48783121494397
2021-09-04,54.792036420364546
2021-09-05,54.834420650392616
2021-09-06,55.25422294670162
2021-09-07,55.79832682238005
2021-09-08,56.48535422581632
2021-09-09,56.965016113330535
2021-09-10,57.27081256535946
2021-09-11,56.962786337075606
2021-09-12,57.175384476927555
2021-09-13,56.71088311797944
2021-09-14,56.4465188577469
2021-09-15,56.27268402758745
2021-09-16,56.498452313200154
2021-09-17,56.766354118693584
2021-09-18,56.96435662648906
2021-09-19,57.232153194072225
2021-09-20,57.36113388461922
2021-09-21,57.332327505892366
2021-09-22,57.13259866705724
2021-09-23,57.00986146086789
2021-09-24,56.69951164606605
2021-09-25,56.91737491981633
2021-09-26,57.155014516007284
2021-09-27,57.25180420556024
2021-09-28,57.488635229860186
2021-09-29,57.393864423408985
2021-09-30,57.56772399797283
2021-10-01,57.764137386120694
2021-10-02,57.50294083141755
2021-10-03,57.296606227982366
2021-10-04,57.34717610774054
2021-10-05,56.90561651620206
2021-10-06,57.495411301691476
2021-10-07,57.14567062971841
2021-10-08,57.02318275458159
2021-10-09,56.719236068993176
2021-10-10,56.977987808920616
2021-10-11,56.769892247447736
2021-10-12,57.26085186783363
2021-10-13,57.152270388776586
2021-10-14,57.472620935283736
2021-10-15,57.49525468565654
2021-10-16,58.108797424154275
2021-10-17,57.786939922589255
2021-10-18,57.78727160930465
2021-10-19,57.23946469937167
2021-10-20,57.03640793851733
2021-10-21,56.73573457622358
2021-10-22,56.6883796518879
2021-10-23,56.2707504902435
2021-10-24,55.89370578123133
2021-10-25,55.601358300060255
2021-10-26,55.87320845696986
2021-10-27,55.29164165057179
2021-10-28,55.35162616267941
2021-10-29,55.335379104072366
2021-10-30,55.14962664468549
2021-10-31,55.1040010503106
2021-11-01,55.41693511999347
2021-11-02,55.231523733831544
2021-11-03,55.62522128220055
2021-11-04,55.44094345748596
2021-11-05,54.86380178484695
2021-11-06,54.723059354863764
2021-11-07,54.60391108029938
2021-11-08,54.00814406404305
2021-11-09,53.92267615815213
2021-11-10,53.2352575996334
2021-11-11,53.07533369236091
2021-11-12,53.42453908508571
2021-11-13,53.61171959278452
2021-11-14,53.42654621790107
2021-11-15,53.399009484971714
2021-11-16,53.08123809718694
2021-11-17,53.532069594885314
2021-11-18,53.16607626091508
2021-11-19,52.99512639929059
2021-11-20,52.55352110917573
2021-11-21,52.2660931760235
2021-11-22,52.01863243004649
2021-11-23,52.07679309628587
2021-11-24,51.39703564701642
2021-11-25,51.03294852971319
2021-11-26,50.397426540453566
2021-11-27,49.94742658783845
2021-11-28,49.88805868884761
2021-11-29,50.01111588842457
2021-11-30,49.339264445274544
2021-12-01,49.31589580642835
2021-12-02,49.36138929469314
2021-12-03,49.19636045877044
2021-12-04,48.840383867586645
2021-12-05,48.478466351730134
2021-12-06,47.82213416020868
2021-12-07,47.895417339601785
2021-12-08,47.26215745481435
2021-12-09,46.84047532300185
2021-12-10,47.07832448546071
2021-12-11,47.40133004080053
2021-12-12,47.542174925997415
2021-12-13,47.7188790738771
2021-12-14,47.21067330571667
2021-12-15,47.21256515118397
2021-12-16,47.114692627718725
2021-12-17,46.223133287082206
2021-12-18,46.02421833574729
2021-12-19,45.31746555661997
2021-12-20,45.08424057213354
2021-12-21,44.98483083474691
2021-12-22,44.77631836231116
2021-12-23,44.14918193998109
2021-12-24,44.11129526701394
2021-12-25,43.82370244646607
2021-12-26,43.87816675182626
2021-12-27,43.5874641436203
2021-12-28,43.491846489504475
2021-12-29,43.272659831467266
2021-12-30,43.224781162303415
2021-12-31,43.17770781444458
2022-01-01,42.68930796260803
2022-01-02,42.53292604239754
2022-01-03,42.19510955816305
2022-01-04,41.661308765300824
2022-01-05,41.10767659146869
2022-01-06,40.592616046024176
2022-01-07,39.93989930105783
2022-01-08,39.45983026976505
2022-01-09,39.23824129767596
2022-01-10,38.89380476133744
2022-01-11,38.843415771186336
2022-01-12,38.84848187590309
2022-01-13,38.87782115515499
2022-01-14,39.08885742541295
2022-01-15,39.23655485886777
2022-01-16,39.10960633832279
2022-01-17,39.13829667712216
2022-01-18,38.488149788866714
2022-01-19,38.62669065969033
2022-01-20,38.3907517233679
2022-01-21,38.06766571474869
2022-01-22,37.73538723646148
2022-01-23,37.08682905427531
2022-01-24,36.80921301922732
2022-01-25,36.79702873927419
2022-01-26,36.194590903246805
2022-01-27,36.27877032810846
2022-01-28,35.787501068195745
2022-01-29,35.73752257227044
2022-01-30,35.845939424482964
2022-01-31,35.23183719125724
2022-02-01,35.229980451760426
2022-02-02,34.96781653135916
2022-02-03,34.77988460857812
2022-02-04,34.88771484115839
2022-02-05,34.63061807538343
2022-02-06,34.365270539086474
2022-02-07,34.70427655062665
2022-02-08,34.15981885591883
2022-02-09,34.20338498739301
2022-02-10,33.64503994475183
2022-02-11,33.37155240764529
2022-02-12,33.19270324588451
2022-02-13,32.75703846416089
2022-02-14,32.40573793803122
2022-02-15,32.63020720890717
2022-02-16,32.323979534181845
2022-02-17,32.186052415407715
2022-02-18,31.81932124596994
2022-02-19,31.307221207954065
2022-02-20,30.971381803368324
2022-02-21,30.599656119376657
2022-02-22,29.96589383085061
2022-02-23,29.53691414652516
2022-02-24,29.16982020125047
2022-02-25,29.168230581943988
2022-02-26,28.740973709087015
2022-02-27,28.926969590571005
2022-02-28,28.702915791222047
2022-03-01,29.16709950930477
2022-03-02,29.051212908201794
2022-03-03,28.815569312988863
2022-03-04,28.515439106008238
2022-03-05,28.494570304894363
2022-03-06,28.602140930772446
2022-03-07,28.817112646167388
2022-03-08,28.25065266112435
2022-03-09,28.13754350778252
2022-03-10,28.25527964982236
2022-03-11,28.42218585352773
2022-03-12,28.732641709130235
2022-03-13,27.99385050184727
2022-03-14,27.884091094349344
2022-03-15,27.90400896260825
2022-03-16,27.950744033398497
2022-03-17,27.76308067450434
2022-03-18,27.65758707419734
2022-03-19,27.10724247644328
2022-03-20,27.10478654304315
2022-03-21,26.752694501177384
2022-03-22,26.692448110006048
2022-03-23,26.987094518957008
2022-03-24,26.84837377111204
2022-03-25,27.108934362362113
2022-03-26,27.148352290307415
2022-03-27,27.536950991509602
2022-03-28,27.59664481441177
2022-03-29,27.92827486478903
2022-03-30,27.88484432783123
2022-03-31,28.139446704608822
2022-04-01,27.677988402284054
2022-04-02,27.925074243772876
2022-04-03,27.8650063001986
2022-04-04,28.253034803150854
2022-04-05,27.97557215285902
2022-04-06,28.12165958635278
2022-04-07,28.44606383551866
2022-04-08,28.51818841103248
2022-04-09,28.459364093422458
2022-04-10,28.252740840049796
2022-04-11,27.821088113309532
2022-04-12,27.504410588501234
2022-04-13,27.245579608428365
2022-04-14,27.08410030962515
2022-04-15,27.262432958694056
2022-04-16,27.50263729551403
2022-04-17,27.4813364588681
2022-04-18,27.99045626512554
2022-04-19,28.757404895278874
2022-04-20,28.921286445728175
2022-04-21,28.91492636576103
2022-04-22,29.20826788113879
2022-04-23,29.37261116394222
2022-04-24,29.36748377784921
2022-04-25,29.046566028252432
2022-04-26,28.923928931544673
2022-04-27,29.219677817809142
2022-04-28,29.105414635476585
2022-04-29,28.909690767966385
2022-04-30,28.810789047362313
2022-05-01,29.597392334076844
2022-05-02,29.946208360420627
2022-05-03,29.75807154253841
2022-05-04,29.834425949454108
2022-05-05,30.407839859275708
2022-05-06,30.885370096427554
2022-05-07,31.01589827478003
2022-05-08,30.612886155716332
2022-05-09,30.6077280366855
2022-05-10,31.195832400595357
2022-05-11,31.191345951131595
2022-05-12,31.025993432618506
2022-05-13,30.70443804354727
2022-05-14,31.29235656744337
2022-05-15,31.615916400822005
2022-05-16,31.87433687846478
2022-05-17,31.538946430405947
2022-05-18,31.428654420262554
2022-05-19,31.512639817421118
2022-05-20,31.825591194058013
2022-05-21,31.665410345684954
2022-05-22,31.897240203819855
2022-05-23,31.95573096961993
2022-05-24,32.384231176123315
2022-05-25,32.68284859833174
2022-05-26,33.483464941916324
2022-05-27,33.7752319047879
2022-05-28,34.01124891351183
2022-05-29,34.02159070254075
2022-05-30,34.141495991964106
2022-05-31,34.64031776312892
2022-06-01,35.0835661304765
2022-06-02,34.736116772947895
2022-06-03,34.91105764760566
2022-06-04,35.124718286213785
2022-06-05,35.32801298574148
2022-06-06,36.12654772404608
2022-06-07,36.30533322926166
2022-06-08,36.11754388804458
2022-06-09,36.38072001930779
2022-06-10,36.614332872956226
2022-06-11,36.55793763458597
2022-06-12,37.43696538324522
2022-06-13,37.278141296612645
2022-06-14,37.71751579620146
2022-06-15,38.61621876503669
2022-06-16,39.085131125326726
2022-06-17,39.71663218440374
2022-06-18,40.22870123887642
2022-06-19,40.33793021837216
2022-06-20,40.60893909512256
2022-06-21,40.27805328083461
2022-06-22,40.32415811589645
2022-06-23,40.31797268792826
2022-06-24,40.20722195307461
2022-06-25,40.566238003133705
2022-06-26,40.97841490428064
2022-06-27,40.99717046405441
2022-06-28,41.63782368212145
2022-06-29,41.554109561569305
2022-06-30,42.008663262312595
2022-07-01,42.13790536138945
2022-07-02,42.641086999111785
2022-07-03,42.21990262035963
2022-07-04,42.50151873742098
2022-07-05,42.561034352865306
2022-07-06,42.83493335486598
2022-07-07,42.974367858413174
2022-07-08,43.42646109584413
2022-07-09,43.14931553367631
2022-07-10,44.00606695052261
2022-07-11,44.27762664736169
2022-07-12,44.58365926750291
2022-07-13,45.17032419755358
2022-07-14,45.506724519083946
2022-07-15,45.507203078042494
2022-07-16,46.34235882287185
2022-07-17,46.06870019658518
2022-07-18,46.517592992746536
2022-07-19,47.03991189572545
2022-07-20,46.90604120569511
2022-07-21,47.59924927338031
2022-07-22,47.85653940186651
2022-07-23,48.114229570657095
2022-07-24,48.53637056426159
2022-07-25,48.88817038743937
2022-07-26,48.718773651847975
2022-07-27,49.17616919706004
2022-07-28,48.87896885760882
2022-07-29,49.15315954577234
2022-07-30,49.24963135449048
2022-07-31,49.84695668946877
2022-08-01,49.88240080130718
2022-08-02,50.039550518478535
2022-08-03,50.52906436248804
2022-08-04,51.29831740373402
2022-08-05,52.0360679487714
2022-08-06,52.145290783359286
2022-08-07,51.91703616543121
2022-08-08,52.31156560357412
2022-08-09,52.74547043274054
2022-08-10,52.603263411418524
2022-08-11,52.35420053622869
2022-08-12,52.039070493776634
2022-08-13,52.29757677327569
2022-08-14,52.89594099087545
2022-08-15,52.996711634829985
2022-08-16,53.45186334150893
2022-08-17,53.545099752407545
2022-08-18,53.502583487314816
2022-08-19,53.649782007505706
2022-08-20,53.80285300930263
2022-08-21,53.34732016874702
2022-08-22,53.43215760541925
2022-08-23,53.09774340780343
2022-08-24,53.414058005380724
2022-08-25,53.74554288719422
2022-08-26,53.938787441916894
2022-08-27,54.08678440673544
2022-08-28,54.573587902864816
2022-08-29,54.9419785574319
2022-08-30,55.39257501500992
2022-08-31,55.57813954994119
2022-09-01,56.16586642631284
2022-09-02,56.29922167114757
2022-09-03,56.23861432124943
2022-09-04,56.007894864833496
2022-09-05,56.107620535409026
2022-09-06,56.20306799009441
2022-09-07,56.618730345676575
2022-09-08,56.22025269824648
2022-09-09,56.27059407429811
2022-09-10,56.078363980682205
2022-09-11,56.247676124684226
2022-09-12,56.40188402138755
2022-09-13,56.445509647743656
2022-09-14,56.45818566678089
2022-09-15,56.490585515779905
2022-09-16,56.64407957462219
2022-09-17,57.338417586506985
2022-09-18,57.344527318984
2022-09-19,57.34686616652557
2022-09-20,57.08918843468606
2022-09-21,56.66282393372899
2022-09-22,56.680865062098476
2022-09-23,56.54936579480248
2022-09-24,56.19160119536325
2022-09-25,56.20522230454853
2022-09-26,56.149218504415664
2022-09-27,56.55461965828432
2022-09-28,56.95338387713919
2022-09-29,57.14453157037801
2022-09-30,57.47493184400501
2022-10-01,57.77337536117717
2022-10-02,58.3266794554867
2022-10-03,58.48735724146321
2022-10-04,58.04603084967785
2022-10-05,58.0739770912612
2022-10-06,57.91948155227626
2022-10-07,57.86874563436515
2022-10-08,57.80028558147765
2022-10-09,57.30519874480564
2022-10-10,57.38746844409002
2022-10-11,57.792412639980135
2022-10-12,57.84887713861537
2022-10-13,57.67272210687575
2022-10-14,57.34876581852963
2022-10-15,56.97920871028714
2022-10-16,57.18594559799523
2022-10-17,56.862223241426
2022-10-18,56.63011006728024
2022-10-19,56.578423125924814
2022-10-20,56.99634665710153
2022-10-21,57.45620058084345
2022-10-22,57.75210889720465
2022-10-23,57.59949507042012
2022-10-24,57.134023298465536
2022-10-25,57.10225835329366
2022-10-26,56.812585554059645
2022-10-27,56.4092902779518
2022-10-28,55.99730374237092
2022-10-29,55.60728776344712
2022-10-30,55.68097184596972
2022-10-31,55.64721037402717
2022-11-01,55.22223611677931
2022-11-02,55.02158904832594
2022-11-03,54.98477328412736
2022-11-04,55.138534320837095
2022-11-05,55.12304254229831
2022-11-06,54.78136134696086
2022-11-07,54.715840796255215
2022-11-08,54.618984541720515
2022-11-09,54.642851529608095
2022-11-10,54.20751061458523
2022-11-11,53.372694606518166
2022-11-12,52.80032304025994
2022-11-13,52.67670172993566
2022-11-14,52.75619016553043
2022-11-15,52.94607133987877
2022-11-16,52.12286479057109
2022-11-17,51.86910668782596
2022-11-18,51.652628943832234
2022-11-19,51.83089289189276
2022-11-20,51.39315799719495
2022-11-21,51.35683211238562
2022-11-22,50.76056793117138
2022-11-23,50.965050278043066
2022-11-24,50.80522119286365
2022-11-25,51.11543599374024
2022-11-26,50.989479320972656
2022-11-27,51.150672003486534
2022-11-28,50.48479304668046
2022-11-29,50.35197176128443
2022-11-30,50.08263559738054
2022-12-01,49.8865359287781
2022-12-02,49.16764665160916
2022-12-03,48.62805448782512
2022-12-04,47.991345284419666
2022-12-05,47.72700641707642
2022-12-06,47.335866590631404
2022-12-07,47.384189354289916
2022-12-08,47.24015909788846
2022-12-09,47.09070147631408
2022-12-10,47.10393143736469
2022-12-11,46.88553137726573
2022-12-12,46.550440759777075
2022-12-13,46.62543589673489
2022-12-14,46.35545363145527
2022-12-15,46.17076812833223
2022-12-16,45.92837058866116
2022-12-17,45.36725027877945
2022-12-18,45.61445011966525
2022-12-19,45.60420498922044
2022-12-20,45.36733265712683
2022-12-21,44.8687472308057
2022-12-22,44.7707375140558
2022-12-23,44.721873417827375
2022-12-24,44.675459557211084
2022-12-25,44.11667798821651
2022-12-26,43.60515580439089
2022-12-27,43.06462041418273
2022-12-28,42.65772443139572
2022-12-29,
2022-12-30,
2022-12-31,
